,User,Date,Tweet Text,Compound,Positive,Neutral,Negative,Tweet Count
0,BBC,Wed Jun 27 16:04:05 +0000 2018,Something deadly lies beneath the ice in Iceland... https://t.co/IqWwmtfTkk,-0.4215,0.0,0.741,0.259,1
1,BBC,Wed Jun 27 15:09:27 +0000 2018,"üï∫ *Knight Fever* 

Bee Gee Sir Barry Gibb paid tribute to his late brothers as he collected his knighthood on Tuesd‚Ä¶ https://t.co/LLIHYKRfhR",0.0,0.0,1.0,0.0,2
2,BBC,Wed Jun 27 14:42:13 +0000 2018,RT @bbccomedy: Some writing advice from an expert... #NationalWritingDay @RealMattLucas @davidwalliams https://t.co/lz2MQzpvKY,0.0,0.0,1.0,0.0,3
3,BBC,Wed Jun 27 13:05:07 +0000 2018,"French butchers have written to the government asking for protection against militant vegans.
üëâ‚Ä¶ https://t.co/6pgMQ46tUR",0.0,0.0,1.0,0.0,4
4,BBC,Wed Jun 27 11:52:00 +0000 2018,‚òïÔ∏è How a simple change is cutting coffee cup waste https://t.co/kkbcSZvFn3,-0.5106,0.0,0.65,0.35,5
5,BBC,Wed Jun 27 11:39:52 +0000 2018,"RT @BBCBreakfast: Dear Summer, ‚òÄÔ∏è
We're enjoying this lovely weather. Can you stay?
Lots of love - The entire UK x
#heatwave https://t.co/g‚Ä¶",0.9403,0.464,0.536,0.0,6
6,BBC,Wed Jun 27 11:03:04 +0000 2018,"ü¶îüßô Did you know people used to think hedgehogs were witches?

Here are nine things you might not know about the hum‚Ä¶ https://t.co/Wj7a5idS4m",0.0,0.0,1.0,0.0,7
7,BBC,Wed Jun 27 09:30:20 +0000 2018,"üòê This is what happens when you hire an arts and crafts teacher to freshen up a 16th-Century wooden sculpture.
üëâ‚Ä¶ https://t.co/qVNcgsGM8C",0.0,0.0,1.0,0.0,8
8,BBC,Wed Jun 27 08:47:40 +0000 2018,RT @BBCArchive: Computer geeks - this is your lucky day! You can now watch all 146 original programmes and run 161 programs from the 1980s‚Ä¶,0.6114,0.194,0.756,0.05,9
9,BBC,Wed Jun 27 08:01:05 +0000 2018,üëü @MumsnetTowers founder @Justine_Roberts on why you should always wear trainers to work. https://t.co/FgTPRo5Agm,0.0,0.0,1.0,0.0,10
10,BBC,Wed Jun 27 07:29:04 +0000 2018,"üò¥ The colour cyan - between green and blue - is a hidden factor in encouraging or preventing sleep, according to bi‚Ä¶ https://t.co/HogBXzm2Y5",0.5106,0.158,0.791,0.051,11
11,BBC,Wed Jun 27 07:01:05 +0000 2018,Inside the community where people with learning disabilities and the people who care for them live and work togethe‚Ä¶ https://t.co/LurfYqtc84,0.4939,0.144,0.856,0.0,12
12,BBC,Tue Jun 26 21:20:15 +0000 2018,"RT @BBC6Music: Did @kanyewest and @theweeknd ""blatantly"" rip off @nineinchnails' live show?

Weds, Noon BST: Nine Inch Nails' @trent_reznor‚Ä¶",0.0,0.0,1.0,0.0,13
13,BBC,Tue Jun 26 19:05:08 +0000 2018,"üòéüî•üç¶ Hot temperatures in the UK are expected to last until the weekend.
üëâ https://t.co/ZhZVaKJuqf

#HeatwaveUK https://t.co/smTw2ule2v",0.0,0.0,1.0,0.0,14
14,BBC,Tue Jun 26 18:03:06 +0000 2018,"Tonight, @itsanitarani and @bbcnickrobinson ask tough questions about the NHS in a special live event. 

 NHS at 70‚Ä¶ https://t.co/Wu4ECf7qic",0.296,0.134,0.792,0.074,15
15,BBC,Tue Jun 26 17:02:02 +0000 2018,How would you feel if the builder only made you half a house? https://t.co/yaWB0USzex,0.0,0.0,1.0,0.0,16
16,BBC,Tue Jun 26 16:33:41 +0000 2018,"RT @bbcwritersroom: Tomorrow, Wednesday 27th June is #NationalWritingDay! @writeday

As part of the events we're running a live Twitter Q&amp;A‚Ä¶",0.0,0.0,1.0,0.0,17
17,BBC,Tue Jun 26 16:00:15 +0000 2018,üçÖ You can grow tomatoes in Iceland?!   https://t.co/ndmcf1SL8y,0.0,0.0,1.0,0.0,18
18,BBC,Tue Jun 26 14:52:03 +0000 2018,"RT @BBCWales: #ToProvideAllPeople: A star-studded film written by @OwenSheers to mark #NHS70.

Starring @MichaelSheen, @TeamEveMyles, @Pack‚Ä¶",0.0,0.0,1.0,0.0,19
19,BBC,Tue Jun 26 14:32:33 +0000 2018,"RT @BBCRadio2: To celebrate the anniversary of 1988's second Summer of Love, @djgarydavies, @ZoeTheBall, and @MsAnaMatronic are heading to‚Ä¶",0.836,0.317,0.683,0.0,20
20,BBC,Tue Jun 26 13:12:16 +0000 2018,"RT @BBCR1: Happy Birthday, @ArianaGrande! üéà‚ú®

Here's a throwback to her offering some 10/10 relationship advice to callers on @R1Breakfast‚Ä¶",0.6114,0.182,0.818,0.0,21
21,BBC,Tue Jun 26 12:58:04 +0000 2018,"üöÑüòΩüéÄ Japan has unveiled a pink bullet train themed around the cartoon character #HelloKitty.
üëâ‚Ä¶ https://t.co/uPA1cevSHt",0.0,0.0,1.0,0.0,22
22,BBC,Tue Jun 26 12:02:04 +0000 2018,"Activist
Poet
Director
Actor
Writer...

...and inspiration https://t.co/oOpo1fJV5K",0.5267,0.327,0.673,0.0,23
23,BBC,Tue Jun 26 11:02:03 +0000 2018,"üçïüíê Would you say 'I dough' to this pizza bouquet?
üëâ https://t.co/HqnBOtPZlN https://t.co/BJqFMcpWKv",0.0,0.0,1.0,0.0,24
24,BBC,Tue Jun 26 09:30:00 +0000 2018,"üåç‚ôªÔ∏èüí•üëä
What will your #PlasticsAction be? https://t.co/QQ1ZBgNyZN",0.0,0.0,1.0,0.0,25
25,BBC,Tue Jun 26 08:00:16 +0000 2018,Turns out you're biased in all sorts of ways you may not realise. https://t.co/yZ0ziOfX2L,-0.2732,0.0,0.861,0.139,26
26,BBC,Tue Jun 26 07:26:08 +0000 2018,"Seabirds are starving to death on the remote Lord Howe Island, a crew filming for the @BBCOne documentary‚Ä¶ https://t.co/XHDOBZn5Yb",-0.7717,0.0,0.705,0.295,27
27,BBC,Tue Jun 26 07:00:12 +0000 2018,üíï Julie is the childcare champion in the heart of the Gorbals. https://t.co/LcdEhzyTBG,0.5994,0.262,0.738,0.0,28
28,BBC,Mon Jun 25 18:03:04 +0000 2018,‚ú® These women are ditching their straighteners and embracing their natural hair. https://t.co/BTgEiHth2E,0.3612,0.185,0.815,0.0,29
29,BBC,Mon Jun 25 17:31:08 +0000 2018,Two teams of junior doctors from teaching hospitals around Britain go head to head in a medical-themed quiz show. üè•‚Ä¶ https://t.co/1z99Ax1RcK,0.0,0.0,1.0,0.0,30
30,BBC,Mon Jun 25 16:02:03 +0000 2018,"üôåüòÇ Well, that escalated quickly.
#HearHer #LiveAtTheApollo  https://t.co/4Bfa81zCSI",0.2732,0.231,0.769,0.0,31
31,BBC,Mon Jun 25 15:01:34 +0000 2018,RT @BBCTwo: SO much tension between Louis and the Queen! üò¨üëëüá´üá∑ #Versailles https://t.co/mT2tDG3Hen,-0.5524,0.0,0.771,0.229,32
32,BBC,Mon Jun 25 14:57:32 +0000 2018,RT @BBCTwo: brb just gonna pop inside for some fresh air... ‚òÄÔ∏èüò∞ https://t.co/rlTBirEDF2,0.3182,0.161,0.839,0.0,33
33,BBC,Mon Jun 25 13:48:41 +0000 2018,"RT @bbcarts: If you‚Äôre from the North this will make you well up with pride. ‚ù§Ô∏è
@lemnsissay delivers an impassioned reading of the poem he‚Ä¶",0.5423,0.164,0.836,0.0,34
34,BBC,Mon Jun 25 13:03:07 +0000 2018,"üê∂üòç They're all beautiful in our eyes! 
#WorldsUgliestDog https://t.co/qrQgVqtwt4",0.636,0.344,0.656,0.0,35
35,BBC,Mon Jun 25 12:04:05 +0000 2018,üôåüí™ @ChelseaClinton says it's time we rethink gender stereotypes and work harder to celebrate women. https://t.co/xgejAk33oK,0.5719,0.198,0.802,0.0,36
36,BBC,Mon Jun 25 11:01:03 +0000 2018,"üìñ‚ú®üå≤ From the Forbidden Forest at Hogwarts to Pooh's Hundred Acre Wood, here are six magical forests we love from ch‚Ä¶ https://t.co/hCU6am8R3o",0.34,0.156,0.741,0.104,37
37,BBC,Mon Jun 25 10:12:49 +0000 2018,"üåã Lava from Hawaii's Kilauea volcano creeps closer to more homes. 
 https://t.co/NfFXiwtVy7",0.0,0.0,1.0,0.0,38
38,BBC,Mon Jun 25 08:03:05 +0000 2018,This headteacher is budgeting to buy hygiene products for pupils as she's found some parents are struggling to affo‚Ä¶ https://t.co/Bm4PrQ8ucC,-0.4215,0.0,0.872,0.128,39
39,BBC,Mon Jun 25 07:26:06 +0000 2018,"ü§ñ What does it mean for AI to have a soul?
üëâ https://t.co/OkxIzH9cA2 https://t.co/XcEYkoIbst",0.0,0.0,1.0,0.0,40
40,BBC,Mon Jun 25 07:00:13 +0000 2018,Should we bring the woolly mammoth back from the dead? https://t.co/PASQyyoCXW,-0.6486,0.0,0.699,0.301,41
41,BBC,Sun Jun 24 19:03:02 +0000 2018,"Follow the inner workings of @nytimes, one of the most prolific American media outlets, during the first 12 months‚Ä¶ https://t.co/sTcKSPw5QW",0.0,0.0,1.0,0.0,42
42,BBC,Sun Jun 24 18:32:03 +0000 2018,üöó üá∏üá¶ Women in Saudi Arabia are hitting the road as the country's ban on women driving officially ends. https://t.co/RLv1njCk5t,-0.5574,0.0,0.833,0.167,43
43,BBC,Sun Jun 24 18:10:27 +0000 2018,"RT @BBCWthrWatchers: Beautiful ""night shining"" clouds, captured by our Weather Watchers #NoctilucentClouds https://t.co/FE9F3YQ3Kd",0.5994,0.245,0.755,0.0,44
44,BBC,Sun Jun 24 18:04:04 +0000 2018,"This. Will. Hurt.

@IdrisElba returns as the inimitable DCI #Luther. Coming soon to @BBCOne. https://t.co/AOmhtLjldy",-0.5267,0.0,0.805,0.195,45
45,BBC,Sun Jun 24 17:08:05 +0000 2018,"43% of female festival goers under 40 say they've faced unwanted sexual behaviour at a music festival, a new survey‚Ä¶ https://t.co/Wd5gcaHCgH",0.6705,0.263,0.658,0.078,46
46,BBC,Sun Jun 24 16:02:06 +0000 2018,"Imagine waking up one morning and you've lost the ability to speak or move your hands.
(via @BBCThree) https://t.co/M8IJVGSoE7",0.0,0.106,0.787,0.106,47
47,BBC,Sun Jun 24 15:18:03 +0000 2018,"In the aftermath of Hurricane Maria, Michelin-starred @chefjoseandres managed to feed more Puerto Ricans than any g‚Ä¶ https://t.co/HHjrHbsIb8",0.0,0.0,1.0,0.0,48
48,BBC,Sun Jun 24 14:29:47 +0000 2018,"RT @BBCMOTD: #ENG win 6-1 ‚úÖ
On a Sunday ‚úÖ
In the Sun ‚úÖ

Live scenes across England right now ‚òÄüéâ

#ENGPAN https://t.co/pOqaVykdHG",0.5859,0.174,0.826,0.0,49
49,BBC,Sun Jun 24 14:20:08 +0000 2018,"‚ù§Ô∏èüíç Game of Thrones stars, Rose Leslie and Kit Harington have tied the knot at a ceremony in Aberdeenshire.
üëâ‚Ä¶ https://t.co/VzvDpNHgRO",0.0,0.0,1.0,0.0,50
50,BBC,Sun Jun 24 13:03:02 +0000 2018,"üíîü¶ç Koko the gorilla sadly passed away this week, aged 46.

This is the story of her life. https://t.co/rIRb7mHpJx",-0.4215,0.0,0.865,0.135,51
51,BBC,Sun Jun 24 12:02:03 +0000 2018,üêõ Did you know there's a whole world on the back of a sloth?  https://t.co/wRWmXa7j4R,0.0,0.0,1.0,0.0,52
52,BBC,Sun Jun 24 11:04:03 +0000 2018,"ü•ëü•ïüåû These summery vegan dishes are perfect for when it's hot (and still delicious when it's not!) 

üëâ‚Ä¶ https://t.co/n8Nra5f9Jl",0.8268,0.312,0.688,0.0,53
53,BBC,Sun Jun 24 10:52:39 +0000 2018,"RT @BBCWorld: ""At last!""

Saudi Arabia becomes the last country in the world to allow women to drive. https://t.co/vfOqNTBk9o https://t.co/‚Ä¶",0.2942,0.103,0.897,0.0,54
54,BBC,Sun Jun 24 10:03:02 +0000 2018,"Getting ready for #ENG v #PAN like... Ô∏è‚öΩÔ∏èüèÜüí™ @JKCorden #WorldCup 

https://t.co/EbID4RxLuE",0.3612,0.217,0.783,0.0,55
55,BBC,Sun Jun 24 09:33:12 +0000 2018,"RT @BBC6Music: Ah, it seems so peaceful @GlastoFest this weekend. (via @bbcsomerset)  https://t.co/JzF0sbDEEh",0.6269,0.255,0.745,0.0,56
56,BBC,Sun Jun 24 09:04:05 +0000 2018,"Today, England play their first ever match against #WorldCup debutants Panama. ü¶Åü¶Åü¶Å

World Cup 2018: #ENG v #PAN | 1‚Ä¶ https://t.co/rZLcc8qfZ8",0.34,0.118,0.882,0.0,57
57,BBC,Sun Jun 24 08:37:50 +0000 2018,"RT @BBCWorld: New Zealand's PM reveals her daughter's name as she leaves hospital in Auckland üë∂üá≥üáø

https://t.co/5E751apfOg https://t.co/Zt7‚Ä¶",0.0,0.0,1.0,0.0,58
58,BBC,Sun Jun 24 08:20:08 +0000 2018,"What's happened since #BluePlanet2 first aired and what does Sir David Attenborough think about the response?
üëâ‚Ä¶ https://t.co/Qo4Nu3wQHT",0.0,0.0,1.0,0.0,59
59,BBC,Sun Jun 24 07:01:05 +0000 2018,"‚öΩÔ∏è‚ù§Ô∏è I. Bloody. Love. Football. 
#WorldCup https://t.co/vrmHGAfFYY",0.3182,0.347,0.413,0.24,60
60,BBC,Sat Jun 23 20:12:00 +0000 2018,"Over the last 50 years, the flesh-footed shearwater population has dropped by 30%.

Plastic is a major cause of the‚Ä¶ https://t.co/KwcWT38E6F",0.0,0.0,1.0,0.0,61
61,BBC,Sat Jun 23 19:02:02 +0000 2018,"Live coverage of England's clash with New Zealand in Colorado, USA. üèâ

Rugby League: New Zealand v England | 9pm |‚Ä¶ https://t.co/gNfWK4lAsg",0.0,0.0,1.0,0.0,62
62,BBC,Sat Jun 23 17:06:01 +0000 2018,‚òÄÔ∏èüôå Thousands of people gathered at Stonehenge this week to watch the sunrise and celebrate the #SummerSolstice. https://t.co/f0PA5HYgRK,0.5719,0.179,0.821,0.0,63
63,BBC,Sat Jun 23 16:02:02 +0000 2018,"‚öΩüêù Goal!!!
These clever bumblebees have been taught to play football. https://t.co/00fEPKxEYQ",0.7412,0.386,0.614,0.0,64
64,BBC,Sat Jun 23 15:00:27 +0000 2018,"üì±‚ôøÔ∏è This 13-year-old made an app to help disabled people find accessible services. 
(via @BBCThree) https://t.co/EkjrhQOFi3",0.4019,0.153,0.847,0.0,65
65,BBC,Sat Jun 23 14:02:01 +0000 2018,"Unlocking the hidden life of Frida Kahlo.
üëâ https://t.co/g8KqGCs5JX https://t.co/SyRnFXRvNQ",0.0,0.0,1.0,0.0,66
66,BBC,Sat Jun 23 12:57:05 +0000 2018,"üé∂üé§Meet the stockbroker who writes hits for @LittleMix and @JessGlynne 

https://t.co/zYl0M4CHcj https://t.co/s8HYxwiDKr",0.0,0.0,1.0,0.0,67
67,BBC,Sat Jun 23 12:00:16 +0000 2018,"üé∂ SOUND ON üé∂ 
Below the big blue there is green! üíö
#OurBluePlanet w/ @OceanX https://t.co/E46jJvtmrN",0.0,0.0,1.0,0.0,68
68,BBC,Sat Jun 23 11:01:06 +0000 2018,"Faced with extreme weather, Bolivian farmers are going underground.
#BBCTakingTheTemperature https://t.co/ocATWI0jPL",0.0,0.0,1.0,0.0,69
69,BBC,Sat Jun 23 10:02:04 +0000 2018,"The ban on microbeads in certain products has begun in England and Scotland.

Here are some natural alternatives so‚Ä¶ https://t.co/vqESNyr5qD",0.0,0.183,0.675,0.143,70
70,BBC,Sat Jun 23 09:01:05 +0000 2018,"üòçüêø Baby squirrels grow up so fast! 
#SuperSquirrels https://t.co/NzSE4lUIC8",0.0,0.0,1.0,0.0,71
71,BBC,Sat Jun 23 07:59:02 +0000 2018,There has been a significant fall in the number of cases of HPV following the introduction of a vaccine for young w‚Ä¶ https://t.co/19trkIMZ91,0.2732,0.14,0.86,0.0,72
72,BBC,Sat Jun 23 07:22:00 +0000 2018,"‚ôªÔ∏èüåçSmall actions can make a big difference. 
#PlasticsAction

https://t.co/AWXUYNJ4e3 https://t.co/9Khy2bq19Z",0.0,0.0,1.0,0.0,73
73,BBC,Fri Jun 22 19:11:28 +0000 2018,"RT @BBCBreakfast: So many reasons to love¬†the #NorthEast of #England.
#Inventions https://t.co/xVseuMG347",0.6369,0.259,0.741,0.0,74
74,BBC,Fri Jun 22 19:11:15 +0000 2018,"RT @bbcworldservice: Born without a jaw, Isaiah Acosta has never spoken a word, yet he‚Äôs gone on to fulfil his dream of becoming a rapper.‚Ä¶",0.25,0.087,0.913,0.0,75
75,BBC,Fri Jun 22 19:10:41 +0000 2018,"RT @bbcstories: Today marks 70 years since the arrival of Caribbean migrants on the Empire Windrush ship to the UK.

 Back in 2018, how has‚Ä¶",0.0,0.0,1.0,0.0,76
76,BBC,Fri Jun 22 19:10:14 +0000 2018,RT @BBCTwo: How long would it take you to demolish this AMAZING burger? üçîüòµ #MillionPoundMenu https://t.co/KH8VHK2rE6,0.7518,0.265,0.735,0.0,77
77,BBC,Fri Jun 22 19:09:53 +0000 2018,"RT @BBCFOUR: With over 10,000 credits, Carol Kaye is one of the most prolific bassists of all time ‚Äì and her bragging rights are *amazing*.‚Ä¶",0.3612,0.098,0.902,0.0,78
78,BBC,Fri Jun 22 19:04:06 +0000 2018,"‚ù§Ô∏èüêø Meet the sabre-toothed squirrel whose life was saved by an amateur dentist.
üëâ https://t.co/C6gXwp7Yke https://t.co/fp3vGzEW5S",0.4215,0.167,0.833,0.0,79
79,BBC,Fri Jun 22 18:01:05 +0000 2018,"üòÇüëõ Everyone has that one mate who always loses their purse... 
#HearHer #LiveAtTheApollo https://t.co/DinViMhGVm",-0.3182,0.0,0.85,0.15,80
80,BBC,Fri Jun 22 17:00:21 +0000 2018,üêæüê∂üíï Would you give a deaf dog a home? https://t.co/sjbsjOEzqT,0.0,0.0,1.0,0.0,81
81,BBC,Fri Jun 22 16:01:00 +0000 2018,"When the weekend's so close you can almost touch it...  üôå #FridayFeeling
 @Camila_Cabello https://t.co/eosSiBxZft",0.0,0.0,1.0,0.0,82
82,BBC,Fri Jun 22 13:02:03 +0000 2018,"üòÇüé§ Hello, it's literally me... 
#HearHer https://t.co/7XMLDQMR3B",0.0,0.0,1.0,0.0,83
83,BBC,Fri Jun 22 12:03:05 +0000 2018,Questions for a Sikh https://t.co/UhKZNiTRtC,0.0,0.0,1.0,0.0,84
84,BBC,Fri Jun 22 11:00:13 +0000 2018,"Why do only some people get blackout drunk?
üëâ https://t.co/4C8KOCcSsU https://t.co/8S8axGO0F5",-0.34,0.0,0.789,0.211,85
85,BBC,Fri Jun 22 08:01:04 +0000 2018,"In the aftermath of Hurricane Maria, Michelin-starred @chefjoseandres managed to feed more Puerto Ricans than any g‚Ä¶ https://t.co/SXJJG4hnMG",0.0,0.0,1.0,0.0,86
86,BBC,Fri Jun 22 07:28:05 +0000 2018,"'Always forgive your enemies; nothing annoys them so much.'

Oscar Wilde's best quotes.
üëâ https://t.co/4ldEknyrSW https://t.co/vr8KdzXP89",0.6632,0.378,0.482,0.14,87
87,BBC,Fri Jun 22 07:00:04 +0000 2018,"'I wax my face every 2 weeks and haven't been able to get pregnant, but I won't let polycystic ovary syndrome defin‚Ä¶ https://t.co/uyNbPpgeY7",0.0,0.0,1.0,0.0,88
88,BBC,Thu Jun 21 19:03:04 +0000 2018,"üòÇ That time @NoelFielding11 confronted some rowdy teens‚Ä¶
#LiveAtTheApollo https://t.co/tV9SB4r8Yz",-0.2023,0.0,0.816,0.184,89
89,BBC,Thu Jun 21 18:01:06 +0000 2018,üì± Is social media impacting how we express ourselves?  https://t.co/nADRuAW49x,0.0,0.0,1.0,0.0,90
90,BBC,Thu Jun 21 16:42:25 +0000 2018,"RT @bbcthree: What it feels like when you don't want your baby. #HearHer
(turn on your sound) https://t.co/7ErzX8p7Ag",0.3134,0.127,0.811,0.062,91
91,BBC,Thu Jun 21 16:01:04 +0000 2018,üòç The Scottish coast is incredible! https://t.co/pn2LdiZwdQ,0.0,0.0,1.0,0.0,92
92,BBC,Thu Jun 21 16:00:09 +0000 2018,"RT @BBCRadio4: Activist
Poet
Director
Actor
Writer...
...and inspiration
@Aardman Animations made a beautiful short film about Maya Angelou‚Ä¶",0.8074,0.313,0.687,0.0,93
93,BBC,Thu Jun 21 13:02:34 +0000 2018,"üíîü¶ç Koko the gorilla has sadly died, aged 46.

Here's the story of her life. https://t.co/rIRb7mHpJx",-0.7506,0.0,0.686,0.314,94
94,BBC,Thu Jun 21 12:28:30 +0000 2018,"RT @BBCOne: In 1979, one surgeon was about to make NHS history by performing the UK's first heart transplant. https://t.co/HmUZBE5MLd",0.0,0.0,1.0,0.0,95
95,BBC,Thu Jun 21 12:25:47 +0000 2018,"RT @bbcarts: Artistic Director at @royalcourt, @vicfeatherstone, has curated #Snatches - a series of provocative monologues, written and pe‚Ä¶",0.0,0.0,1.0,0.0,96
96,BBC,Thu Jun 21 12:01:06 +0000 2018,Tessa Sanderson was the first British woman to win an Olympic gold medal in the javelin. #HearHer https://t.co/Kqff1C4QSe,0.7845,0.301,0.699,0.0,97
97,BBC,Thu Jun 21 11:01:04 +0000 2018,"ü•ó What's behind the rise in veganism?
üëâ https://t.co/26dyqv3CWQ https://t.co/KZd2kBVkNW",0.0,0.0,1.0,0.0,98
98,BBC,Thu Jun 21 09:55:19 +0000 2018,"‚ù§Ô∏èüë∂ New Zealand's Prime Minister Jacinda Ardern has given birth to a baby girl, making her only the second elected‚Ä¶ https://t.co/7LDkCupd1c",0.0,0.0,1.0,0.0,99
99,BBC,Thu Jun 21 09:13:56 +0000 2018,‚òÄÔ∏è Thousands of people have witnessed the sunrise at Stonehenge to celebrate the #SummerSolstice. https://t.co/f0PA5HYgRK,0.5719,0.209,0.791,0.0,100
100,CBS,Wed Jun 27 14:00:01 +0000 2018,"It looks like you...

(‚Ä¢_‚Ä¢)
( ‚Ä¢_‚Ä¢)&gt;‚åê‚ñ†-‚ñ†
(‚åê‚ñ†_‚ñ†)

Have a lot of TV to watch!

Celebrate #NationalSunglassesDay with H‚Ä¶ https://t.co/Babt4ajIgV",0.7574,0.289,0.711,0.0,101
101,CBS,Mon Jun 25 18:20:25 +0000 2018,The world will finally know the truth. ‚òÑÔ∏è Make sure to tune in to the heart-pounding Season 2 premiere of‚Ä¶ https://t.co/mqMleW90DY,0.5574,0.204,0.796,0.0,102
102,CBS,Fri Jun 22 21:19:06 +0000 2018,Tonight's the night! Don't miss model @ashleygraham on the season finale of Celebrity @undercover_cbs at 8/7c. https://t.co/iBxAOcOF7a,0.1867,0.098,0.902,0.0,103
103,CBS,Fri Jun 22 18:33:53 +0000 2018,"Every day is #TakeYourDogToWorkDay for shows like @HawaiiFive0CBS, @MomCBS, @SEALTeamCBS, and @bigbangtheory! https://t.co/DJaOt1VQcw",0.4199,0.189,0.811,0.0,104
104,CBS,Thu Jun 21 23:29:50 +0000 2018,"Lights, camera, selfie! üì∏¬†Could there be a better photo for #NationalSelfieDay? https://t.co/14Ewx64yKC",0.4926,0.242,0.758,0.0,105
105,CBS,Wed Jun 20 00:39:01 +0000 2018,There‚Äôs nothing quite like watching a contestant win a brand new car on @PriceIsRight. üëè  https://t.co/aKlFikYAMM,0.3555,0.222,0.642,0.136,106
106,CBS,Mon Jun 18 20:27:50 +0000 2018,Time to make your predictions for #BB20! üëè Get to know the @CBSBigBrother Houseguests before the big premiere next‚Ä¶ https://t.co/jlpIchJ9sk,0.0,0.0,1.0,0.0,107
107,CBS,Mon Jun 18 15:00:46 +0000 2018,RT @CBSBigBrother: Meet the cast of #BB20... before anyone else! Start streaming all their live interviews beginning at 11am EST/8am PST on‚Ä¶,0.0,0.0,1.0,0.0,108
108,CBS,Sun Jun 17 13:00:01 +0000 2018,"Today and every day we celebrate their love, guidance, and support. Happy #FathersDay to every kind of dad! https://t.co/Wffax1khBH",0.9392,0.493,0.507,0.0,109
109,CBS,Fri Jun 15 18:48:29 +0000 2018,"Casting Alert! @paulwesley, @DaniaJRamirez &amp; @JamesWolk are set to star in the upcoming CBS All Access psychologica‚Ä¶ https://t.co/JnZMrzT92n",0.3595,0.128,0.872,0.0,110
110,CBS,Thu Jun 14 17:30:00 +0000 2018,"In case you missed it, watch the entire #TonyAwards now: https://t.co/Bm0yNV3Ff3 https://t.co/h3YnFkmSQJ",-0.296,0.0,0.833,0.167,111
111,CBS,Thu Jun 14 16:19:32 +0000 2018,RT @StrangeAngel: Mastermind or maniac? Explore the brilliant mind of Jack Parsons in #StrangeAngel. Now streaming on CBS All Access: https‚Ä¶,0.1779,0.147,0.734,0.12,112
112,CBS,Tue Jun 12 00:19:23 +0000 2018,"No pain, no gain, ALL Hart! Just one month until the premiere of @TKOCBS hosted by @KevinHart4real. https://t.co/C1yMCglxVn",-0.5562,0.134,0.551,0.315,113
113,CBS,Mon Jun 11 22:23:06 +0000 2018,"RT @TheNeighborhood: Welcome to #TheNeighborhood, @BethBehrs! The @2BrokeGirls star returns to @CBS in a new sitcom alongside @CedEntertain‚Ä¶",0.5093,0.171,0.829,0.0,114
114,CBS,Mon Jun 11 19:01:38 +0000 2018,"In case you missed it, watch the entire #TonyAwards now: https://t.co/Bm0yNV3Ff3 https://t.co/3GA5otlcPa",-0.296,0.0,0.833,0.167,115
115,CBS,Mon Jun 11 14:00:37 +0000 2018,How do you know @SaraBareilles and @joshgroban's music? #TonyAwards https://t.co/POMXBORfUT,0.0,0.0,1.0,0.0,116
116,CBS,Mon Jun 11 06:19:36 +0000 2018,Here are all the performances from the 2018 #TonyAwards: https://t.co/gN4ItpFlRd https://t.co/fSMNBXKC9r,0.0,0.0,1.0,0.0,117
117,CBS,Mon Jun 11 06:04:41 +0000 2018,See the complete list of winners from the 2018 #TonyAwards: https://t.co/9XK6CGeber https://t.co/HkUIN4Quej,0.4767,0.22,0.78,0.0,118
118,CBS,Mon Jun 11 03:10:33 +0000 2018,An end to a magical evening. The Band's Visit wins for Best Musical! #TonyAwards https://t.co/ODza97n8YH,0.8478,0.406,0.594,0.0,119
119,CBS,Mon Jun 11 03:02:06 +0000 2018,Congratulations are in order for @TheKatrinaLenk! She just won for Best Leading Actress in a Musical. #TonyAwards https://t.co/t9bNvpiEmH,0.92,0.463,0.537,0.0,120
120,CBS,Mon Jun 11 02:58:30 +0000 2018,"RT @CBSThisMorning: Hmm... something seems off here @SaraBareilles @JoshGroban. üòÇ

@WaitressMusical @GreatCometBway #TonyAwards https://t.c‚Ä¶",0.0,0.0,1.0,0.0,121
121,CBS,Mon Jun 11 02:56:40 +0000 2018,RT @_stobin13: watching the #TonyAwards after going to 3 broadway shows this weekend makes it even better üòçü§©,0.4404,0.153,0.847,0.0,122
122,CBS,Mon Jun 11 02:56:10 +0000 2018,Tony Shalhoub wins Best Leading Actor in a Musical. #TonyAwards   #TheBandsVisit https://t.co/KcUDSicKI5,0.836,0.467,0.533,0.0,123
123,CBS,Mon Jun 11 02:53:00 +0000 2018,The Boss looks right at home on the #TonyAwards stage! https://t.co/pwjv4iydkn,0.0,0.0,1.0,0.0,124
124,CBS,Mon Jun 11 02:47:29 +0000 2018,RT @Aatamianphoto: Springsteen is on the #TonyAwards and I love it.,0.6369,0.318,0.682,0.0,125
125,CBS,Mon Jun 11 02:44:50 +0000 2018,Inspiration: Get to your YES! #OnceOnThisIsland #TonyAwards https://t.co/Wjp0QIWfXq,0.7978,0.543,0.457,0.0,126
126,CBS,Mon Jun 11 02:44:37 +0000 2018,The feeling when you win a Tony. üôå¬†Congratulations to Once on This Island for winning Best Revival of a Musical!‚Ä¶ https://t.co/UpFCqgBTwh,0.9523,0.55,0.45,0.0,127
127,CBS,Mon Jun 11 02:33:09 +0000 2018,What a beautiful performance by the cast of #TheBandsVisit. #TonyAwards https://t.co/4Hw96kZvrf,0.5994,0.302,0.698,0.0,128
128,CBS,Mon Jun 11 02:29:18 +0000 2018,"""I'm a living example of how theatre can change you - and it didn't just change me, it saved me."" @JohnLeguizamo at‚Ä¶ https://t.co/4ICwMhb6hv",0.4215,0.123,0.877,0.0,129
129,CBS,Mon Jun 11 02:23:56 +0000 2018,Angels in America takes the win for Best Revival of a Play! #TonyAwards https://t.co/zodW61tw8a,0.8932,0.517,0.483,0.0,130
130,CBS,Mon Jun 11 02:21:03 +0000 2018,"RT @leahableson: The Once On This Island Goat And Chicken made it to the broadcast, Mama WILL provide #TonyAwards",0.0,0.0,1.0,0.0,131
131,CBS,Mon Jun 11 02:16:06 +0000 2018,That performance was the GOAT. #TonyAwards https://t.co/mtoU92HipQ,0.0,0.0,1.0,0.0,132
132,CBS,Mon Jun 11 02:11:03 +0000 2018,Harry Potter and the Cursed Child wins Best Play at the #TonyAwards! @HPPlayNYC https://t.co/WIqJQmtAlN,0.8908,0.491,0.509,0.0,133
133,CBS,Mon Jun 11 02:05:47 +0000 2018,üé∂ ‚ÄúLet's dance this last dance tonight.‚Äù üé∂ #TonyAwards #DonnaSummerMusical https://t.co/UAIaglChfv,0.0,0.0,1.0,0.0,134
134,CBS,Mon Jun 11 02:03:31 +0000 2018,Hope he brought enough birthday cake for everyone! #TonyAwards https://t.co/FlLbKV6oj8,0.4926,0.262,0.738,0.0,135
135,CBS,Mon Jun 11 01:58:48 +0000 2018,@writerlindsayb You're welcome! #TonyAwards,0.5093,0.523,0.477,0.0,136
136,CBS,Mon Jun 11 01:53:17 +0000 2018,RT @hjmayer8: I sure do love @DearEvanHansen üíô #TonyAwards,0.7579,0.565,0.435,0.0,137
137,CBS,Mon Jun 11 01:51:16 +0000 2018,"RT @Valerie4815: What a birthday present, the Tony audience singing happy birthday to you!! #TonyAwards",0.6467,0.248,0.752,0.0,138
138,CBS,Mon Jun 11 01:38:23 +0000 2018,If only this performance could go on forever. #TonyAwards @FrozenBroadway https://t.co/p2BMUvyTxr,0.0,0.0,1.0,0.0,139
139,CBS,Mon Jun 11 01:37:36 +0000 2018,RT @anna_villanueva: Magnificent performance from the cast of @FrozenBroadway! #TonyAwards2018 #TonyAwards #Tonys,0.636,0.276,0.724,0.0,140
140,CBS,Mon Jun 11 01:30:56 +0000 2018,Glenda Jackson wins Best Leading Actress in a Play. #TonyAwards @threetallwomen https://t.co/GRp1gcBuiW,0.8834,0.563,0.437,0.0,141
141,CBS,Mon Jun 11 01:29:21 +0000 2018,.@SaraBareilles is totally a Gryffindor. #TonyAwards https://t.co/OPQ7esk2dn,0.0,0.0,1.0,0.0,142
142,CBS,Mon Jun 11 01:26:03 +0000 2018,RT @IzzyNY202: How impressive are these Marjory Stoneman Douglas students? That #TonyAwards performance reduced me to tears. Amazing.,0.7351,0.296,0.625,0.079,143
143,CBS,Mon Jun 11 01:25:59 +0000 2018,RT @KatLargent: MAGIC #TonyAwards,0.0,0.0,1.0,0.0,144
144,CBS,Mon Jun 11 01:24:46 +0000 2018,Such a touching moment at the #TonyAwards. ‚ù§Ô∏è https://t.co/4kJWTHVPZ8,0.0,0.0,1.0,0.0,145
145,CBS,Mon Jun 11 01:24:12 +0000 2018,.@Matt_Morrison welcomes the Marjory Stoneman Douglas High School theatre department to the stage. #TonyAwards https://t.co/5dxa9smeka,0.4019,0.162,0.838,0.0,146
146,CBS,Mon Jun 11 01:19:59 +0000 2018,So many feels at the #TonyAwards. Congratulations to @arielstachel for winning Best Featured Actor in a Musical!‚Ä¶ https://t.co/m1aRNIHPRK,0.9151,0.457,0.543,0.0,147
147,CBS,Mon Jun 11 01:12:31 +0000 2018,RT @McBenefit: I love everything about you @UzoAduba. #TonyAwards,0.6369,0.375,0.625,0.0,148
148,CBS,Mon Jun 11 01:08:28 +0000 2018,RT if that musical number by the cast of Carousel blew you away! #TonyAwards https://t.co/CMzMNtcAQO,0.1511,0.102,0.898,0.0,149
149,CBS,Mon Jun 11 01:08:24 +0000 2018,Nathan Lane saw his #AngelsinAmerica role as a challenge. How will you challenge yourself in 2018? #TonyAwards https://t.co/3WXd6AqgBi,0.1531,0.148,0.852,0.0,150
150,CBS,Mon Jun 11 01:02:47 +0000 2018,Nathan Lane wins Best Featured Actor in a Play. #TonyAwards @angelsbway https://t.co/xc8M7JtLDE,0.8834,0.563,0.437,0.0,151
151,CBS,Mon Jun 11 00:58:06 +0000 2018,üåü¬†@joshgroban and @SaraBareilles are Host Goals. üåü #TonyAwards https://t.co/OGQec8cXJ6,0.0,0.0,1.0,0.0,152
152,CBS,Mon Jun 11 00:52:34 +0000 2018,RT @adub369: This is unbelievable! @SaraBareilles and @joshgroban #TonyAwards,0.2714,0.207,0.793,0.0,153
153,CBS,Mon Jun 11 00:51:11 +0000 2018,Who lives in a pineapple and just performed at The Tonys? üççüé∂ The cast of SpongeBob SquarePants: The Musical!‚Ä¶ https://t.co/mvFxdh9UJi,0.0,0.0,1.0,0.0,154
154,CBS,Mon Jun 11 00:50:18 +0000 2018,‚ú® @LindsayMendez wins Best Featured Actress in a Musical! #TonyAwards @carouselbway https://t.co/MtgFowscN5,0.8478,0.506,0.494,0.0,155
155,CBS,Mon Jun 11 00:45:14 +0000 2018,A big congratulations to @springsteen for his Special Tony award! ‚ú®¬†#TonyAwards https://t.co/i16u8uv9aT,0.8858,0.565,0.435,0.0,156
156,CBS,Mon Jun 11 00:44:36 +0000 2018,Can the 73rd annual #TonyAwards just be three-hours of @TitussBurgess? https://t.co/3rCZwwTUtv,0.0,0.0,1.0,0.0,157
157,CBS,Mon Jun 11 00:35:41 +0000 2018,"RT @CBSThisMorning: ""We know there are a lot of you out there who have photos of yourself in school plays or community theater."" Post your‚Ä¶",0.25,0.08,0.92,0.0,158
158,CBS,Mon Jun 11 00:34:45 +0000 2018,Keep your acceptance speeches short or else the #TonyAwards will get the angels involved. #AngelsInAmerica üëº https://t.co/oznhezRzDc,0.4588,0.167,0.833,0.0,159
159,CBS,Mon Jun 11 00:31:28 +0000 2018,"If you haven't started singing, you will be the rest of the night. #TonyAwards #MyFairLady https://t.co/jbGXwnru8N",0.0,0.0,1.0,0.0,160
160,CBS,Mon Jun 11 00:27:42 +0000 2018,RT @marialena_rago: I like this opener for @MyFairLadyBway #TonyAwards,0.3612,0.263,0.737,0.0,161
161,CBS,Mon Jun 11 00:27:00 +0000 2018,Laurie Metcalf wins Best Featured Actress in a Play! #TonyAwards @threetallwomen https://t.co/y4teyJaRPs,0.8908,0.57,0.43,0.0,162
162,CBS,Mon Jun 11 00:24:31 +0000 2018,Tina Fey has a boat?? #MeanGirls #TonyAwards https://t.co/phYxmHMd3d,0.0,0.0,1.0,0.0,163
163,CBS,Mon Jun 11 00:22:15 +0000 2018,Representing the hardest-working men and women in Broadway‚Ä¶¬†ensemble members from every nominated musical tonight!‚Ä¶ https://t.co/imlEEnOUla,0.0,0.0,1.0,0.0,164
164,CBS,Mon Jun 11 00:22:15 +0000 2018,RT @misschae: I love theatre so much. #TonyAwards,0.6369,0.412,0.588,0.0,165
165,CBS,Mon Jun 11 00:18:16 +0000 2018,On Wednesdays they wear pink and on Sundays they perform at the #TonyAwards. üíï Who thought that performance by the‚Ä¶ https://t.co/w7QDkaX6kF,0.0,0.0,1.0,0.0,166
166,CBS,Mon Jun 11 00:13:27 +0000 2018,"RT @MichaelJMoritz: ""We are all made perfectly and we all belong‚Äù - Andrew Garfield #TonyAwards",0.6369,0.244,0.756,0.0,167
167,CBS,Mon Jun 11 00:12:31 +0000 2018,Andrew Garfield wins Best Leading Actor in a Play. #TonyAwards @angelsbway https://t.co/s2VQnw6IPP,0.8834,0.563,0.437,0.0,168
168,CBS,Mon Jun 11 00:06:39 +0000 2018,"RT @nightingalen: Love this opening song! @joshgroban
@SaraBarreilles 
#TonyAwards",0.6696,0.36,0.64,0.0,169
169,CBS,Mon Jun 11 00:04:15 +0000 2018,‚ú® @joshgroban and @SaraBareilles take the stage to begin an unforgettable evening. #TonyAwards https://t.co/y9uzlK2DzO,0.0,0.0,1.0,0.0,170
170,CBS,Sun Jun 10 23:59:00 +0000 2018,Grab your popcorn... it's time for the #TonyAwards! Go and stream the entire show now: https://t.co/Wo1algQHix https://t.co/JGYTk4NPDN,0.0,0.0,1.0,0.0,171
171,CBS,Sun Jun 10 23:18:15 +0000 2018,‚ú® @thegoodfight's Christine Baranski has arrived on the #TonyAwards red carpet! Watch LIVE at 8/7c on CBS! https://t.co/XnXAnPtRrc,0.0,0.0,1.0,0.0,172
172,CBS,Sun Jun 10 22:01:25 +0000 2018,"The hosts have arrived! We're LIVE with @SaraBareilles, @joshgroban and more on the #TonyAwards red carpet hosted b‚Ä¶ https://t.co/NtarbgywLe",0.0,0.0,1.0,0.0,173
173,CBS,Sun Jun 10 15:00:01 +0000 2018,Tonight's the night! Join @etnow's @DDirecto on the #TonyAwards' red carpet starting at 5PM ET! https://t.co/hZLOSiIRAT,0.4184,0.157,0.843,0.0,174
174,CBS,Sat Jun 09 21:00:02 +0000 2018,These two know a thing or two about awards! Watch them light up the stage tomorrow at the #TonyAwards. ‚ú® https://t.co/KHVZp65oLS,0.5093,0.155,0.845,0.0,175
175,CBS,Sat Jun 09 16:00:00 +0000 2018,Here's everything you need to know before watching the #TonyAwards this Sunday at 8/7c: https://t.co/jcRgNGmLUZ https://t.co/8suUhVPFK6,0.0,0.0,1.0,0.0,176
176,CBS,Fri Jun 08 19:46:17 +0000 2018,Join @etnow's @DDirecto this Sunday on the #TonyAwards' red carpet. https://t.co/7jS8g10KmY,0.296,0.18,0.82,0.0,177
177,CBS,Fri Jun 08 15:00:03 +0000 2018,Here's @laChanze with a reminder that you can stream the #TonyAwards this Sunday on CBS All Access! https://t.co/8TDEXzKmyQ,0.0,0.0,1.0,0.0,178
178,CBS,Fri Jun 08 13:58:15 +0000 2018,"We all get by with a little help from our friends, so what better way to celebrate #NationalBestFriendsDay than to‚Ä¶ https://t.co/pIZezbBwaT",0.9078,0.436,0.564,0.0,179
179,CBS,Thu Jun 07 17:03:26 +0000 2018,"Get ready for show-stopping performances by the casts of the 2018 Tony-nominated shows Mean Girls, SpongeBob Square‚Ä¶ https://t.co/NiSx9Bbw0F",0.3612,0.128,0.872,0.0,180
180,CBS,Wed Jun 06 21:00:24 +0000 2018,Don‚Äôt miss a special performance from @springsteen this Sunday at the #TonyAwards: https://t.co/LYYdleaFwU https://t.co/IKkKoITH9y,0.2732,0.176,0.719,0.105,181
181,CBS,Wed Jun 06 00:08:30 +0000 2018,"RT @CBSThisMorning: .@SaraBareilles and @joshgroban are hosting this Sunday's @TheTonyAwards on @CBS! 

Wednesday, they'll join us LIVE on‚Ä¶",0.3595,0.128,0.872,0.0,182
182,CBS,Tue Jun 05 22:23:35 +0000 2018,"RT @SU2C: SU2C telecast Co-Executive Producer Bradley Cooper sits down with Mitch Carbon, a pediatric cancer survivor who benefited from #S‚Ä¶",-0.4404,0.1,0.723,0.177,183
183,CBS,Tue Jun 05 22:12:28 +0000 2018,RT @StrangeAngel: About last night... The #StrangeAngel screening party was a blast! Pun intended. üöÄüòè https://t.co/m64EcNmweY,0.4574,0.176,0.824,0.0,184
184,CBS,Tue Jun 05 19:00:02 +0000 2018,These CBS stars can really belt it out! Find out which celebs from your favorite shows are pitch-perfect:‚Ä¶ https://t.co/X4zMACFazB,0.5093,0.155,0.845,0.0,185
185,CBS,Tue Jun 05 15:04:41 +0000 2018,"More stars are set to appear at the #TonyAwards, including @billyjoel, @amyschumer, and @katharinemcphee. See who e‚Ä¶ https://t.co/lPUocBcn9t",0.0,0.0,1.0,0.0,186
186,CBS,Mon Jun 04 17:00:00 +0000 2018,"The #TonyAwards are just days away, and @joshgroban and @SaraBareilles will bring all they've got to Broadway's Big‚Ä¶ https://t.co/eKkWn6ClSq",0.0,0.0,1.0,0.0,187
187,CBS,Fri Jun 01 17:39:17 +0000 2018,"Call us old-fashioned, but we donut want you missing out on #NationalDonutDay! Here are a few treats from us to you‚Ä¶ https://t.co/HpzN8bQ3SO",-0.3903,0.062,0.807,0.131,188
188,CBS,Fri Jun 01 17:00:03 +0000 2018,Remember @Lin_Manuel‚Äôs beautiful sonnet from the 70th Annual Tony Awards¬Æ? Relive some of the greatest moments in‚Ä¶ https://t.co/IZjeQLd58C,0.8442,0.336,0.664,0.0,189
189,CBS,Thu May 31 23:50:00 +0000 2018,"Good friends @joshgroban and @SaraBareilles are hosting the #TonyAwards together? Well, this is bound to be fun! https://t.co/26Vgzp0s2e",0.8932,0.455,0.545,0.0,190
190,CBS,Wed May 30 15:07:34 +0000 2018,"The #TonyAwards just got even better because @UzoAduba, @MattBomer, and more stars will be presenting live! Find ou‚Ä¶ https://t.co/hfFBtWo1T9",0.4926,0.151,0.849,0.0,191
191,CBS,Mon May 28 21:00:01 +0000 2018,"Mark your calendars. @SalvationCBS returns Monday, June 25 at 9/8c! ‚òÑÔ∏è https://t.co/N9pYuhYLRF",0.0,0.0,1.0,0.0,192
192,CBS,Mon May 28 02:08:19 +0000 2018,RT @thegoodfight: All episodes of season 2 are now available. Stream #TheGoodFight on CBS All Access: https://t.co/k3tn8kR9KC https://t.co/‚Ä¶,0.0,0.0,1.0,0.0,193
193,CBS,Wed May 23 23:07:38 +0000 2018,Get the popcorn ready! üçø  It's going to be an unforgettable @survivorcbs finale. Make sure to tune in TONIGHT at 8/‚Ä¶ https://t.co/vp0JyqfXMQ,0.6239,0.211,0.789,0.0,194
194,CBS,Wed May 23 19:02:43 +0000 2018,"RT @StrangeAngel: Every brilliant mind has a dark side. #StrangeAngel launches June 14, only on CBS All Access. https://t.co/y0MZg1BzEB htt‚Ä¶",0.5859,0.174,0.826,0.0,195
195,CBS,Tue May 22 23:19:40 +0000 2018,Prepare yourself. The @NCIS_CBS season finale is unlike any other. Don't miss it TONIGHT at 8/7c. https://t.co/MOH6uiFc0C,0.1139,0.083,0.917,0.0,196
196,CBS,Tue May 22 20:02:22 +0000 2018,"Summer heats up with @CBSBigBrother, @SalvationCBS, and the brand-new competition series @TKOCBS. Find out when you‚Ä¶ https://t.co/DxE7OnKs17",0.0,0.0,1.0,0.0,197
197,CBS,Mon May 21 23:00:01 +0000 2018,Who‚Äôs going to be watching the season finale of @ManWithAPlan tonight? RT if you'll be tuning in at 8:30/7:30c! https://t.co/ARLRtVuGuc,0.0,0.0,1.0,0.0,198
198,CBS,Sun May 20 20:00:00 +0000 2018,The season finale of @MadamSecretary will leave you speechless! Make sure to tune in tonight at 10/9c. https://t.co/hqxkLZsWpl,0.3382,0.131,0.808,0.061,199
199,CBS,Sun May 20 17:00:01 +0000 2018,The @NCISLA season finale is going to be a wild ride. Don't miss all of the action starting TONIGHT at 8/7c! https://t.co/PNtUuVf9VQ,0.1867,0.08,0.92,0.0,200
200,CNN,Wed Jun 27 17:23:43 +0000 2018,"A funeral was held for Junior Guzman-Feliz, a 15-year-old killed in a gang stabbing in New York last week that has‚Ä¶ https://t.co/HADmIUGcnh",-0.7906,0.0,0.708,0.292,201
201,CNN,Wed Jun 27 17:09:19 +0000 2018,What does America's falling birth rate mean for the economy? Just look at Arizona https://t.co/Oy7GT3RhoB https://t.co/xE4NFTGRLL,-0.1531,0.0,0.904,0.096,202
202,CNN,Wed Jun 27 16:54:10 +0000 2018,"In a six-day span, only six children were reunited with their families after being separated at the US border. More‚Ä¶ https://t.co/zEFZtN4Gg4",0.0,0.0,1.0,0.0,203
203,CNN,Wed Jun 27 16:41:01 +0000 2018,"A federal grand jury indicted the suspect behind last summer's deadly vehicle incident in Charlottesville, Virginia‚Ä¶ https://t.co/B9BJhAMrU3",0.2023,0.156,0.729,0.115,204
204,CNN,Wed Jun 27 16:29:53 +0000 2018,"BREAKING: Joe Jackson, the patriarch who launched the Jackson family dynasty, has died, a source close to the famil‚Ä¶ https://t.co/WefGb7Q7gb",-0.4767,0.068,0.769,0.163,205
205,CNN,Wed Jun 27 16:23:30 +0000 2018,"President Trump is speaking at a White House event after the Supreme Court's union ruling 

Watch live: https://t.co/T3E0vuOqsj",0.5574,0.184,0.816,0.0,206
206,CNN,Wed Jun 27 16:14:31 +0000 2018,Changes to a 16th-century polychrome statue of San Jorge (St George) provoked anger among some art experts and inev‚Ä¶ https://t.co/gj2iwiHKxA,-0.7003,0.0,0.746,0.254,207
207,CNN,Wed Jun 27 16:00:24 +0000 2018,"A 6-year-old's lemonade stand helped raise $13,000 for separated migrant families https://t.co/UjkonfhV3X https://t.co/gV1W52XK3y",0.0,0.0,1.0,0.0,208
208,CNN,Wed Jun 27 15:47:55 +0000 2018,"Senate Majority Leader Mitch McConnell says the win by Alexandria Ocasio-Cortez, a 28-year-old running her first ca‚Ä¶ https://t.co/OZDGwAhTJe",0.5859,0.192,0.808,0.0,209
209,CNN,Wed Jun 27 15:36:21 +0000 2018,"A judge denied rapper Meek Mill's petition for a new trial, despite the district attorney's office recommending tha‚Ä¶ https://t.co/BFQhWcfekN",-0.4404,0.0,0.847,0.153,210
210,CNN,Wed Jun 27 15:24:45 +0000 2018,"The Smithsonian has unveiled a design for the National Native American Veterans Memorial, which will be placed on t‚Ä¶ https://t.co/dCwD3oAtJ7",0.0,0.0,1.0,0.0,211
211,CNN,Wed Jun 27 15:14:06 +0000 2018,Facebook has abandoned an ambitious plan to design and produce its own drones. https://t.co/OsmYnonbis,0.0258,0.171,0.663,0.166,212
212,CNN,Wed Jun 27 15:02:32 +0000 2018,Former government contractor Reality Winner pleads guilty to leaking classified material https://t.co/xPDaOkB47K https://t.co/V4FIWATsB2,0.25,0.216,0.625,0.159,213
213,CNN,Wed Jun 27 14:55:00 +0000 2018,"""We are committing human rights abuses on this border in separating children from their families,"" says New York co‚Ä¶ https://t.co/0JsvHEAZXn",-0.5106,0.057,0.786,0.157,214
214,CNN,Wed Jun 27 14:50:11 +0000 2018,White House press secretary Sarah Sanders is expected to receive Secret Service protection https://t.co/J9L7pDzbIs https://t.co/kF76b1GP2b,0.0,0.0,1.0,0.0,215
215,CNN,Wed Jun 27 14:38:04 +0000 2018,The Virginia restaurant owner who asked White House press secretary Sarah Sanders to leave has resigned from the to‚Ä¶ https://t.co/LlHIYmjiGB,-0.296,0.0,0.849,0.151,216
216,CNN,Wed Jun 27 14:26:52 +0000 2018,Alexandria Ocasio-Cortez's win will likely make her the youngest person in Congress in 2019 https://t.co/pMUjLQSfR6 https://t.co/zMoh38VPDb,0.5859,0.202,0.798,0.0,217
217,CNN,Wed Jun 27 14:14:58 +0000 2018,JUST IN: The Supreme Court deals a major blow to public-sector unions in a case that could shake their financial st‚Ä¶ https://t.co/WesRgtLab3,0.4404,0.155,0.773,0.073,218
218,CNN,Wed Jun 27 13:53:38 +0000 2018,The restaurant owner who asked Sarah Sanders to leave has resigned from the top post of a local business group https://t.co/etysLMTrW7,-0.1027,0.082,0.773,0.145,219
219,CNN,Wed Jun 27 13:37:41 +0000 2018,A Japanese spacecraft has reached a diamond-shaped asteroid three years after setting off on its mission to learn a‚Ä¶ https://t.co/U0XVLYP4pB,0.1027,0.076,0.924,0.0,220
220,CNN,Wed Jun 27 13:26:12 +0000 2018,"""We are committing human rights abuses on this border in separating children from their families,"" says New York co‚Ä¶ https://t.co/9OTv5cGPUg",-0.5106,0.057,0.786,0.157,221
221,CNN,Wed Jun 27 13:18:39 +0000 2018,RT @CNNPolitics: Alexandria Ocasio-Cortez will not say if she would support Nancy Pelosi for speaker if she wins in November and Democrats‚Ä¶,0.7506,0.242,0.758,0.0,222
222,CNN,Wed Jun 27 13:13:57 +0000 2018,"RT @CNNPolitics: ""We won because we organized. We won because I think we had a very clear, winning message and we took that message to door‚Ä¶",0.9322,0.411,0.589,0.0,223
223,CNN,Wed Jun 27 13:13:49 +0000 2018,New York Democrat Alexandria Ocasio-Cortez discusses her primary night win. Watch live: https://t.co/vhkaPaA3uB https://t.co/lYNj8K8WhK,0.5859,0.226,0.774,0.0,224
224,CNN,Wed Jun 27 13:00:47 +0000 2018,What Alexandria Ocasio-Cortez's victory says about the Democratic Party and 2020 | Analysis by Harry Enten‚Ä¶ https://t.co/pnoOjHEmb3,0.4019,0.153,0.847,0.0,225
225,CNN,Wed Jun 27 12:45:06 +0000 2018,"JUST IN: A Pittsburgh-area officer has been charged with criminal homicide in the death of Antwon Rose, an unarmed‚Ä¶ https://t.co/rVPbXFSYLP",-0.8442,0.0,0.637,0.363,226
226,CNN,Wed Jun 27 12:37:24 +0000 2018,"On the Mexico border, Latino Republicans back President Trump's immigration plans https://t.co/M0cK75CTAv https://t.co/4KaNigqwhb",0.0,0.0,1.0,0.0,227
227,CNN,Wed Jun 27 12:25:32 +0000 2018,JUST IN: White House decides against outright limits on Chinese investment https://t.co/MqMrx3PyoJ https://t.co/vdhUECfX8v,0.0,0.0,1.0,0.0,228
228,CNN,Wed Jun 27 12:14:08 +0000 2018,"Mars is often referred to as the Red Planet, but pictures from one of NASA's orbiters showed what appeared to be a‚Ä¶ https://t.co/9KBq3JSYch",0.0,0.0,1.0,0.0,229
229,CNN,Wed Jun 27 12:02:17 +0000 2018,A mother has shot a man who flew from New Zealand to the US to confront her 14-year-old daughter whom he had met on‚Ä¶ https://t.co/IBRznGQjVE,-0.1779,0.0,0.928,0.072,230
230,CNN,Wed Jun 27 11:50:59 +0000 2018,"A piece of chewing gum, a bottle of water and new DNA technology may have just solved a teacher's murder‚Ä¶ https://t.co/mZz14hTK6f",0.2732,0.11,0.89,0.0,231
231,CNN,Wed Jun 27 11:39:58 +0000 2018,"Galvanized by the issue of teachers pay and school funding, Oklahoma teachers marched and protested in the state Ca‚Ä¶ https://t.co/hZy59EsrpY",-0.2263,0.0,0.861,0.139,232
232,CNN,Wed Jun 27 11:29:26 +0000 2018,A fire raging in northern England has prompted the evacuation of dozens of homes and forced firefighters to work in‚Ä¶ https://t.co/UUW42Sxcz3,-0.8316,0.0,0.659,0.341,233
233,CNN,Wed Jun 27 11:17:04 +0000 2018,US President Donald Trump's national security adviser John Bolton will meet Russian President Vladimir Putin during‚Ä¶ https://t.co/jw627xJ1i3,0.34,0.13,0.87,0.0,234
234,CNN,Wed Jun 27 11:08:42 +0000 2018,"A British heterosexual couple who objected to the ""patriarchal"" institution of marriage have won a legal claim for‚Ä¶ https://t.co/RhJZs9Z514",0.6369,0.257,0.743,0.0,235
235,CNN,Wed Jun 27 10:53:01 +0000 2018,"If a progressive war against the Democratic establishment is coming, Tuesday's primaries were the first shots fired https://t.co/SPDWqYPGM5",-0.8176,0.0,0.667,0.333,236
236,CNN,Wed Jun 27 10:49:50 +0000 2018,US companies operating in China are likely to find themselves in the firing line as the trade fight between Washing‚Ä¶ https://t.co/lQSvlqDtS8,-0.6124,0.0,0.792,0.208,237
237,CNN,Wed Jun 27 10:39:04 +0000 2018,Football legend Diego Maradona has reassured fans that he is fine after he was treated by doctors during Argentina'‚Ä¶ https://t.co/n9BL7HWXy3,0.5423,0.2,0.8,0.0,238
238,CNN,Wed Jun 27 10:24:24 +0000 2018,US Secretary Defense James Mattis met with Chinese President Xi Jinping inside the Great Hall of the People in Beij‚Ä¶ https://t.co/Cy7Eo2ikbv,0.6808,0.228,0.772,0.0,239
239,CNN,Wed Jun 27 10:05:55 +0000 2018,"She is only ranked 183rd in the world, but Serena Williams has been seeded 25th for next week's Wimbledon Champions‚Ä¶ https://t.co/oZGjkfYyca",0.0,0.0,1.0,0.0,240
240,CNN,Wed Jun 27 09:55:06 +0000 2018,"Cave rescuers are ""working around the clock"" to try and locate a group of missing teenage soccer players and their‚Ä¶ https://t.co/r4GDBZ1hm1",-0.296,0.0,0.896,0.104,241
241,CNN,Wed Jun 27 09:39:16 +0000 2018,"This is the moment Alexandria Ocasio-Cortez, a 28-year-old Latina running her first campaign, discovered she had ou‚Ä¶ https://t.co/UaTHY1RP3P",0.0,0.0,1.0,0.0,242
242,CNN,Wed Jun 27 09:01:00 +0000 2018,"In Utah, 2012 Republican presidential nominee Mitt Romney won the Senate primary and is now poised to cruise to ele‚Ä¶ https://t.co/Ah9X2iQRKq",0.6908,0.231,0.769,0.0,243
243,CNN,Wed Jun 27 08:47:22 +0000 2018,What it's like in the 7 countries on Trump's travel ban list https://t.co/h8rOqzGYEd https://t.co/FQy0qLkZVq,-0.2732,0.146,0.643,0.211,244
244,CNN,Wed Jun 27 08:16:52 +0000 2018,"From the brink of defeat and a humiliating World Cup exit, Argentina survive and live on at Russia 2018‚Ä¶ https://t.co/jNDeYp8vWs",-0.6369,0.0,0.766,0.234,245
245,CNN,Wed Jun 27 07:57:06 +0000 2018,Alexandria Ocasio-Cortez's win on Tuesday caps off a remarkable ascent -- which will likely make her the youngest p‚Ä¶ https://t.co/QNWF6Wa0W7,0.8126,0.303,0.697,0.0,246
246,CNN,Wed Jun 27 07:41:07 +0000 2018,A mother has shot a man who flew from New Zealand to the US to confront her 14-year-old daughter whom he had met on‚Ä¶ https://t.co/CW3exdNZ4W,-0.1779,0.0,0.928,0.072,247
247,CNN,Wed Jun 27 07:32:57 +0000 2018,Trump plots controversial Putin meeting and leaves NATO allies guessing https://t.co/f7d4Kag4nD https://t.co/mOC6nzJyz4,-0.2023,0.0,0.859,0.141,248
248,CNN,Wed Jun 27 07:30:11 +0000 2018,"Blast at Texas hospital campus kills at least 1, injures others https://t.co/7K1fKPrQ1O https://t.co/uwjXiSzMNJ",-0.5423,0.0,0.774,0.226,249
249,CNN,Wed Jun 27 07:16:06 +0000 2018,Facebook has abandoned an ambitious plan to design and produce its own drones. https://t.co/BqNqIN4po3,0.0258,0.171,0.663,0.166,250
250,CNN,Wed Jun 27 07:15:08 +0000 2018,Heat-resistant corals in the Middle East could save the world's dying reefs https://t.co/ZVgjqFSSXH https://t.co/Gqu6uqRWGO,0.4939,0.198,0.802,0.0,251
251,CNN,Wed Jun 27 07:09:04 +0000 2018,"Luxury handbags, jewelry, cash and goods seized from six properties linked to former Malaysian Prime Minister Najib‚Ä¶ https://t.co/sx5qNtjGEu",0.0,0.0,1.0,0.0,252
252,CNN,Wed Jun 27 07:06:46 +0000 2018,"Oklahomans voted in favor of legalizing medicinal marijuana on Tuesday, with 56.8% approving the measure, according‚Ä¶ https://t.co/tDBivnKfjn",0.4019,0.144,0.856,0.0,253
253,CNN,Wed Jun 27 07:00:08 +0000 2018,Washington and Silicon Valley aren't working together to combat Russian trolls https://t.co/mitPJu2n91 https://t.co/64TjwRuCwx,-0.34,0.0,0.833,0.167,254
254,CNN,Wed Jun 27 06:58:06 +0000 2018,"Mars is often referred to as the Red Planet, but pictures from one of NASA's orbiters showed what appeared to be a‚Ä¶ https://t.co/9UNhww49hm",0.0,0.0,1.0,0.0,255
255,CNN,Wed Jun 27 06:53:02 +0000 2018,‚ÄúThis is about the kind of leaders the Democratic Party will have after 2018. In short: Ocasio-Cortez‚Äôs victory is‚Ä¶ https://t.co/OeRlqaAhLQ,0.4019,0.124,0.876,0.0,256
256,CNN,Wed Jun 27 06:47:21 +0000 2018,"""I'm real emotional. ... It's still heartbreaking.""
""I was excited. This is another win for America.""

This is how‚Ä¶ https://t.co/3cbGfwpjU3",0.7783,0.315,0.685,0.0,257
257,CNN,Wed Jun 27 06:30:13 +0000 2018,Flyers were placed on vehicles outside a sheriff's office. One tested positive for traces of a deadly opioid.‚Ä¶ https://t.co/LKKg0MG8Dh,0.5574,0.184,0.816,0.0,258
258,CNN,Wed Jun 27 06:24:48 +0000 2018,"Alexandria Ocasio-Cortez, a 28-year-old Latina running her first campaign, ousts 10-term incumbent Rep. Joe Crowley‚Ä¶ https://t.co/ZIvOjBiqVl",0.0,0.0,1.0,0.0,259
259,CNN,Wed Jun 27 06:15:04 +0000 2018,Does Nancy Pelosi have the votes? https://t.co/ZZKkCujDNJ | Analysis by Chris Cillizza https://t.co/inaDQy3885,0.0,0.0,1.0,0.0,260
260,CNN,Wed Jun 27 06:00:12 +0000 2018,"On the Mexico border, Latino Republicans back President Trump's immigration plans https://t.co/ix0mLBED4R https://t.co/w2q0MaSeND",0.0,0.0,1.0,0.0,261
261,CNN,Wed Jun 27 05:45:00 +0000 2018,"Aston Martin brings back the Superleggera as a powerful new $300,000 supercar https://t.co/9nesdQE6WF https://t.co/keJBrqhdbX",0.4215,0.189,0.811,0.0,262
262,CNN,Wed Jun 27 05:30:06 +0000 2018,"Elaine Chao confronts protestors outside DC event: ""Why don't you leave my husband alone?"" https://t.co/uuQUss9ETs https://t.co/3JjkfVfReu",-0.1906,0.067,0.821,0.111,263
263,CNN,Wed Jun 27 05:15:00 +0000 2018,Trump vs. Harley-Davidson: The president is doing a 180 on the American motorcycle company and claiming it‚Äôs using‚Ä¶ https://t.co/1FZ4XDGUOL,0.0,0.0,1.0,0.0,264
264,CNN,Wed Jun 27 05:00:09 +0000 2018,Former government contractor Reality Winner pleads guilty to leaking classified material https://t.co/jAxbv42ADv https://t.co/77kSqMdnww,0.25,0.216,0.625,0.159,265
265,CNN,Wed Jun 27 04:45:00 +0000 2018,"The new $300,000 Aston Martin Superleggera is the most powerful regular production car the company has ever offered‚Ä¶ https://t.co/b7o2jDp8e7",0.4754,0.147,0.853,0.0,266
266,CNN,Wed Jun 27 04:30:08 +0000 2018,Border city mayor pushes back on President Trump's claims of immigration crisis https://t.co/U9M4ISnm0c https://t.co/PQ95lqNok2,-0.6249,0.0,0.76,0.24,267
267,CNN,Wed Jun 27 04:15:00 +0000 2018,"Last year, President Trump welcomed Harley-Davidson into the White House. Now, he says it‚Äôs the ‚Äúbeginning of the e‚Ä¶ https://t.co/XcPYF9x0C3",0.34,0.112,0.888,0.0,268
268,CNN,Wed Jun 27 04:11:58 +0000 2018,The court order instructs officials to reunite all children under the age of 5 with their parents within 14 days an‚Ä¶ https://t.co/pABEQSEeU5,0.0,0.0,1.0,0.0,269
269,CNN,Wed Jun 27 04:05:06 +0000 2018,JUST IN: A federal judge in California has ordered a halt to most family separations at the US border and the reuni‚Ä¶ https://t.co/Lv1lJDDUAZ,0.0,0.0,1.0,0.0,270
270,CNN,Wed Jun 27 04:00:05 +0000 2018,"Report highlights gender discrimination, lack of female representation in Justice Department https://t.co/v0q73aU7Ny https://t.co/HVTOmwQFI5",0.2732,0.204,0.659,0.138,271
271,CNN,Wed Jun 27 03:45:00 +0000 2018,GM is bringing back the Chevy Blazer ‚Äî an SUV classic ‚Äî for the first time since 2005 https://t.co/8c76T8c0gI https://t.co/vpt0Pkjn5L,0.0,0.0,1.0,0.0,272
272,CNN,Wed Jun 27 03:30:11 +0000 2018,Does the Supreme Court have a double standard on religion? https://t.co/BWIuRNPLgH | Analysis by Daniel Burke https://t.co/V18GpCK0ff,0.5574,0.205,0.795,0.0,273
273,CNN,Wed Jun 27 03:15:00 +0000 2018,"Go inside the KitKat factory in Japan to see how the candy is made, including unconventional flavors like cheesecak‚Ä¶ https://t.co/QqSvvKT5op",0.3612,0.116,0.884,0.0,274
274,CNN,Wed Jun 27 03:07:06 +0000 2018,House Intelligence Chairman Devin Nunes is demanding new information on Trump campaign and FBI informants‚Ä¶ https://t.co/a1HGdFc06j,0.296,0.163,0.737,0.1,275
275,CNN,Wed Jun 27 03:00:11 +0000 2018,Where to see the Aurora Australis in New Zealand https://t.co/rQjJCecrFs https://t.co/XPYFkOxLDL,0.0,0.0,1.0,0.0,276
276,CNN,Wed Jun 27 02:45:00 +0000 2018,America‚Äôs largest nail plant says it lost 50% of its business after Trump‚Äôs steel tariffs. Mid-Continent Nail Corpo‚Ä¶ https://t.co/8z2BDbV9y7,-0.3182,0.0,0.887,0.113,277
277,CNN,Wed Jun 27 02:30:04 +0000 2018,"A piece of chewing gum, a bottle of water and new DNA technology may have just solved a teacher's murder‚Ä¶ https://t.co/nHAVSwugXo",0.2732,0.11,0.89,0.0,278
278,CNN,Wed Jun 27 02:25:05 +0000 2018,"""This is a huge upset,"" CNN's Harry Enten says. ""Nobody thought that Joe Crowley was going down."" CNN projects 28-y‚Ä¶ https://t.co/SckYl6c5pi",0.3182,0.108,0.892,0.0,279
279,CNN,Wed Jun 27 02:15:00 +0000 2018,China has officially entered a bear market as President Trump plans to restrict Chinese investment in tech. Are inv‚Ä¶ https://t.co/5gWYouahnE,-0.3818,0.0,0.874,0.126,280
280,CNN,Wed Jun 27 02:06:23 +0000 2018,"JUST IN: Democratic socialist Alexandria Ocasio-Cortez ousts Joe Crowley in New York stunner, CNN projects‚Ä¶ https://t.co/2HN1V3rBji",0.0,0.0,1.0,0.0,281
281,CNN,Wed Jun 27 02:00:13 +0000 2018,Actor Terry Crews tells Senate more men need to talk about sexual assault https://t.co/gBFSjOgXZ6 https://t.co/4ZItgzB6VN,-0.5859,0.0,0.787,0.213,282
282,CNN,Wed Jun 27 01:45:07 +0000 2018,Justice Kennedy reminds President Trump he is not above the law https://t.co/3MI1qNnZyk (via @CNNOpinion) https://t.co/Qw9pKw5fCm,0.5267,0.195,0.805,0.0,283
283,CNN,Wed Jun 27 01:35:07 +0000 2018,"JUST IN: Trump-backed Gov. Henry McMaster wins in South Carolina runoff, CNN projects https://t.co/LWqm7bj7TC https://t.co/OieruRmDT4",0.5719,0.209,0.791,0.0,284
284,CNN,Wed Jun 27 01:30:12 +0000 2018,"After a teen was dragged out of a store and stabbed to death, New Yorkers call for justice https://t.co/Ra5EUj45TV https://t.co/WfNQDa09uN",-0.5574,0.134,0.551,0.315,285
285,CNN,Wed Jun 27 01:15:08 +0000 2018,"These numbers help explain President Trump's travel ban, and how it could play in November https://t.co/1Ndz9oidnS https://t.co/Z3z1qQdKQx",0.128,0.225,0.617,0.159,286
286,CNN,Wed Jun 27 01:00:04 +0000 2018,"The Supreme Court just enabled a network to deceive America's women, writes Ilyse Hogue for @CNNOpinion‚Ä¶ https://t.co/cjb1ZT9uMd",0.2263,0.177,0.69,0.133,287
287,CNN,Wed Jun 27 00:45:04 +0000 2018,"It turns out Albert Einstein was pretty smart after all, writes Don Lincoln for @CNNOpinion https://t.co/FKE7WWs2RT https://t.co/Hs6mQs1GA2",0.7096,0.282,0.718,0.0,288
288,CNN,Wed Jun 27 00:36:39 +0000 2018,"RT @AC360: ‚ÄúWho lit the fires of hate and incivility?‚Ä¶ it began with Donald Trump‚Äôs campaign.‚Äù 

Iconic news anchor @DanRather tells @ander‚Ä¶",-0.5719,0.0,0.85,0.15,289
289,CNN,Wed Jun 27 00:30:07 +0000 2018,"Georgia man gets life in prison for cold case stabbing, dragging death https://t.co/39YyaNmwQD https://t.co/W1GNMQtBOB",-0.802,0.0,0.625,0.375,290
290,CNN,Wed Jun 27 00:15:02 +0000 2018,"President Trump and his Russian counterpart Vladimir Putin may meet next month in Helsinki, the capital of Finland,‚Ä¶ https://t.co/h6cC72vVyI",0.0,0.0,1.0,0.0,291
291,CNN,Wed Jun 27 00:00:23 +0000 2018,Aston Martin has unveiled the most powerful regular production car the company has ever offered‚Ä¶ https://t.co/1dSgNbOo1Z,0.4754,0.171,0.829,0.0,292
292,CNN,Tue Jun 26 23:45:04 +0000 2018,The leader of NOAA says climate study remains the agency's priority following reports that it was considering a dra‚Ä¶ https://t.co/yBuhmt3HDM,0.0,0.0,1.0,0.0,293
293,CNN,Tue Jun 26 23:30:38 +0000 2018,"RT @OutFrontCNN: When it comes to defending religious freedom, ‚ÄúI will fight [Trump] in every single way possible,‚Äù Democratic Sen. Cory Bo‚Ä¶",0.3818,0.157,0.746,0.097,294
294,CNN,Tue Jun 26 23:30:07 +0000 2018,White House press secretary Sarah Sanders is expected to receive Secret Service protection. The move comes after sh‚Ä¶ https://t.co/ADrjgwrp2k,0.0,0.0,1.0,0.0,295
295,CNN,Tue Jun 26 23:15:53 +0000 2018,Uber wins the right to keep operating in London https://t.co/DfiaLiHddx https://t.co/29ZDsRkw0n,0.6115,0.285,0.715,0.0,296
296,CNN,Tue Jun 26 23:04:36 +0000 2018,"Democrats are wary of public shaming: ""I don't want red restaurants and blue restaurants""
https://t.co/qUe5XP5M1r https://t.co/OuDAAstdCG",-0.0572,0.0,0.925,0.075,297
297,CNN,Tue Jun 26 22:53:26 +0000 2018,"North Korea's on Trump's travel ban list, but that's not likely to disrupt diplomacy https://t.co/Nb8COVHdAw https://t.co/QeNX4pW1ky",-0.3182,0.0,0.867,0.133,298
298,CNN,Tue Jun 26 22:41:11 +0000 2018,Congressional Budget Office projects federal debt could rise to a historic 152% of GDP by 2048 -- the highest in US‚Ä¶ https://t.co/MbvO5UpYtD,-0.3612,0.0,0.889,0.111,299
299,CNN,Tue Jun 26 22:29:04 +0000 2018,"""What happened to us should never happen again"": Japanese-American protesters weigh in on travel ruling‚Ä¶ https://t.co/2mArXDNfQO",-0.2263,0.0,0.888,0.112,300
300,Fox News,Wed Jun 27 17:29:23 +0000 2018,THURSDAY: @BretBaier and @marthamaccallum moderate the Florida GOP gubernatorial debate at 6:30p ET on Fox News Cha‚Ä¶ https://t.co/dVtQIGyy27,0.0,0.0,1.0,0.0,301
301,Fox News,Wed Jun 27 17:16:54 +0000 2018,"Halo Top is 'dramatically' under-filling pints, lawsuit alleges https://t.co/KKweNTKPFU",-0.0258,0.168,0.654,0.178,302
302,Fox News,Wed Jun 27 17:09:07 +0000 2018,University ends restrictive campus speech policy after student group's lawsuit (via @calebparke) https://t.co/4zxwcTSwFx,-0.2263,0.0,0.863,0.137,303
303,Fox News,Wed Jun 27 16:57:17 +0000 2018,OPINION: @LizPeek: Trump's success has Democrats freaking out ‚Äì But that's still no excuse for bad behavior https://t.co/A4EzI9jySn,-0.5423,0.196,0.471,0.333,304
304,Fox News,Wed Jun 27 16:53:41 +0000 2018,Joe Jackson's life and career: 3 things to know about the famous patriarch https://t.co/LDYI7aaZfX,0.0,0.0,1.0,0.0,305
305,Fox News,Wed Jun 27 16:52:37 +0000 2018,"RT @FoxBusiness: .@POTUS: ""Thanks to our massive tax cuts, young men and women entering the workforce are keeping more and more of the mone‚Ä¶",0.1779,0.107,0.812,0.081,306
306,Fox News,Wed Jun 27 16:47:12 +0000 2018,"RT @FoxBusiness: .@POTUS: ""Unemployment for people under the age of 24 is the lowest in almost 50 years."" https://t.co/BkFj7J9Xmy",-0.6705,0.0,0.756,0.244,307
307,Fox News,Wed Jun 27 16:46:59 +0000 2018,"RT @FoxBusiness: .@POTUS: ""Our economy is booming. Confidence is soaring. There's never been a  better time to be young and to be American.‚Ä¶",0.2249,0.128,0.778,0.094,308
308,Fox News,Wed Jun 27 16:46:25 +0000 2018,Joe Jackson reportedly dead at 89: Celebs react to the loss of the famous patriarch https://t.co/xD7E4YtygS https://t.co/WDW1ZThHBY,-0.765,0.0,0.694,0.306,309
309,Fox News,Wed Jun 27 16:34:46 +0000 2018,"RT @FoxBusiness: .@POTUS: ""We must honor and respect our great American Flag."" https://t.co/HMkUF7dw7Y",0.886,0.51,0.49,0.0,310
310,Fox News,Wed Jun 27 16:34:35 +0000 2018,"RT @FoxBusiness: .@POTUS: ""You have to believe in protecting the entire Constitution, as written, including the right to free speech. And t‚Ä¶",0.5106,0.136,0.864,0.0,311
311,Fox News,Wed Jun 27 16:34:29 +0000 2018,"RT @FoxBusiness: .@POTUS: ""We believe in free speech on college campuses, not censorship. Institutions of higher learning should be forms f‚Ä¶",0.5106,0.142,0.858,0.0,312
312,Fox News,Wed Jun 27 16:34:23 +0000 2018,"RT @FoxBusiness: .@POTUS: ""From a military standpoint, space. You know all about 'space force.' Space is a very big factor in the Trump adm‚Ä¶",0.0,0.0,1.0,0.0,313
313,Fox News,Wed Jun 27 16:32:42 +0000 2018,"JUST IN: Man accused of driving into crowd at Charlottesville rally, killing 1 person, charged with federal hate cr‚Ä¶ https://t.co/aS4zIhAcGy",-0.9022,0.0,0.554,0.446,314
314,Fox News,Wed Jun 27 16:19:54 +0000 2018,U.S. National Security Advisor John Bolton holds a news conference. https://t.co/kzBKUo0UVJ,0.34,0.211,0.789,0.0,315
315,Fox News,Wed Jun 27 16:18:47 +0000 2018,".@POTUS delivers remarks at the ""Face-to-Face With Our Future"" event. https://t.co/CmtgwMhNMK",0.0,0.0,1.0,0.0,316
316,Fox News,Wed Jun 27 16:14:52 +0000 2018,"RT @FoxBusiness: Larry Kudlow: ""President Trump is a trade reformer...Don't blame him for all the evils and the breakdown of the WTO and ot‚Ä¶",-0.3948,0.076,0.785,0.138,317
317,Fox News,Wed Jun 27 16:14:42 +0000 2018,"RT @FoxBusiness: Larry Kudlow: ""[President Trump] is a free trader and he would like to see a new world trading system. The current one is‚Ä¶",0.7003,0.216,0.784,0.0,318
318,Fox News,Wed Jun 27 16:14:28 +0000 2018,"RT @FoxBusiness: Larry Kudlow on his health: ""I feel great. Great to be back. To quote one of my heroes Mark Twain: 'Rumors of my demise we‚Ä¶",0.91,0.324,0.676,0.0,319
319,Fox News,Wed Jun 27 16:13:48 +0000 2018,US border agent chases people smuggler back into river near Texas in dramatic video https://t.co/8DXa3iltJT,-0.4767,0.0,0.819,0.181,320
320,Fox News,Wed Jun 27 16:01:40 +0000 2018,JUST IN: Defending FIFA World Cup champion Germany eliminated from tournament https://t.co/RJww3KTq4g,0.5994,0.262,0.738,0.0,321
321,Fox News,Wed Jun 27 15:58:05 +0000 2018,"Gorsuch, in union ruling, tips scales on another landmark case https://t.co/KzeM0c2x9E",0.0772,0.115,0.885,0.0,322
322,Fox News,Wed Jun 27 15:54:00 +0000 2018,"JUST IN: Joe Jackson, patriarch of the Jackson family music group, dead at 89 https://t.co/VCNaaXSr7k https://t.co/mZL23DeBAq",-0.6486,0.0,0.777,0.223,323
323,Fox News,Wed Jun 27 15:33:12 +0000 2018,"Firefighters in Charlotte, North Carolina, came to the aid of a family struggling to fill up a kid‚Äôs pool with pots‚Ä¶ https://t.co/jUCC3s7E3n",-0.4215,0.0,0.872,0.128,324
324,Fox News,Wed Jun 27 15:26:17 +0000 2018,Dying man's final wish to find homes for beloved dogs https://t.co/QfBr9iNdyI,0.7184,0.4,0.6,0.0,325
325,Fox News,Wed Jun 27 15:20:10 +0000 2018,"""OBJECTified"" is back! Iconic rock stars, reality TV mavericks, and some of the biggest names in the world share th‚Ä¶ https://t.co/oYaSAzodbs",0.3595,0.111,0.889,0.0,326
326,Fox News,Wed Jun 27 15:18:51 +0000 2018,Photo captures moment toddler's leg broke while on slide with mom https://t.co/BmNlQA8Jkr https://t.co/dTn5vhZoVL,-0.4215,0.0,0.811,0.189,327
327,Fox News,Wed Jun 27 15:13:44 +0000 2018,"RT @FoxBusiness: Mark Janus to @Varneyco: ""I think it gives the individual worker in a public sector entity the right to make their own dec‚Ä¶",0.0,0.0,1.0,0.0,328
328,Fox News,Wed Jun 27 15:13:40 +0000 2018,"RT @FoxBusiness: Mark Janus, plaintiff to @Varneyco: ""We've now got 5 million workers, government, private sector workers, that now can mak‚Ä¶",0.0,0.0,1.0,0.0,329
329,Fox News,Wed Jun 27 15:13:30 +0000 2018,"RT @FoxBusiness: Mark Janus, plaintiff: ""It's up to the worker to decide what they want for themselves not some larger entity."" https://t.c‚Ä¶",0.0772,0.058,0.942,0.0,330
330,Fox News,Wed Jun 27 15:10:00 +0000 2018,.@Marcshort45: ‚ÄúI think it‚Äôs a big win for American workers.‚Äù https://t.co/ZbhLLKzmrI,0.5859,0.297,0.703,0.0,331
331,Fox News,Wed Jun 27 15:03:13 +0000 2018,".@Judgenap: SCOTUS Deals 'Catastrophic' Blow to Labor Unions, Democratic Party https://t.co/uKJrFo8Pq9",0.4019,0.213,0.787,0.0,332
332,Fox News,Wed Jun 27 15:00:42 +0000 2018,"RT @FoxBusiness: Mark Janus, plaintiff: ""It's just that the worker now has the ability to make his now decision or her decision and that's‚Ä¶",0.3182,0.091,0.909,0.0,333
333,Fox News,Wed Jun 27 15:00:37 +0000 2018,"RT @FoxBusiness: Mark Janus, plaintiff: ""We now have 5 million public sector non-union members that can make their own choices to whether t‚Ä¶",0.0,0.0,1.0,0.0,334
334,Fox News,Wed Jun 27 14:47:00 +0000 2018,OPINION: Supreme Court‚Äôs Janus decision is a win for government workers (and all Americans) https://t.co/kvT1YY5SkG,0.8126,0.381,0.619,0.0,335
335,Fox News,Wed Jun 27 14:44:15 +0000 2018,"Moments ago, President @realDonaldTrump tweeted about the Supreme Court dealing a blow to unions by ruling against‚Ä¶ https://t.co/nX1AayUTx7",0.5574,0.184,0.816,0.0,336
336,Fox News,Wed Jun 27 14:41:45 +0000 2018,.@Judgenap on Supreme Court issuing decision on mandatory dues for public unions https://t.co/cfjogX58eO https://t.co/0JZxlk62Wr,0.5994,0.29,0.71,0.0,337
337,Fox News,Wed Jun 27 14:35:57 +0000 2018,"OPINION: Teacher: In Janus ruling, Supreme Court restores free speech rights to public workers like me https://t.co/Iw4TlSmeDi",0.891,0.472,0.528,0.0,338
338,Fox News,Wed Jun 27 14:25:48 +0000 2018,"Andrew McCarthy: ""It potentially dries up a very rich well of support mainly for Democrats.""‚Ä¶ https://t.co/V3Ob3SQrU5",0.839,0.428,0.572,0.0,339
339,Fox News,Wed Jun 27 14:12:08 +0000 2018,"U.S. Supreme Court deals blow to labor unions, ruling 5-4 that public sector unions may not collect mandatory fees‚Ä¶ https://t.co/YoblwcuKku",0.5232,0.158,0.789,0.054,340
340,Fox News,Wed Jun 27 14:10:21 +0000 2018,"BREAKING NEWS: U.S. Supreme Court deals blow to labor unions, ruling 5-4 that public sector unions may not collect‚Ä¶ https://t.co/431Ffmlo3E",0.5574,0.159,0.841,0.0,341
341,Fox News,Wed Jun 27 14:02:12 +0000 2018,Supreme Court to give decision on mandatory fees to unions case @AmericaNewsroom @ShannonBream https://t.co/Rt7TXzKEwQ,0.5994,0.29,0.71,0.0,342
342,Fox News,Wed Jun 27 13:54:14 +0000 2018,.@RepGoodlatte: ‚ÄúPeter Strzok is at the center of a great deal of controversy with regard to the Federal Buraeu of‚Ä¶ https://t.co/aeDa7wH07o,0.6249,0.177,0.823,0.0,343
343,Fox News,Wed Jun 27 13:52:14 +0000 2018,Active volcanic heat found under Pine Island Glacier https://t.co/87pFyHdB95,0.4019,0.252,0.748,0.0,344
344,Fox News,Wed Jun 27 13:49:26 +0000 2018,Strzok arrives for closed-door interview https://t.co/DnJr16oPNG @AmericaNewsroom https://t.co/Cnec6YdavH,0.0,0.0,1.0,0.0,345
345,Fox News,Wed Jun 27 13:40:57 +0000 2018,Federal judge orders end of family separations at U.S. border https://t.co/Sx5SrCnkCh @AmericaNewsroom https://t.co/zqHVRVLe7Z,0.0,0.0,1.0,0.0,346
346,Fox News,Wed Jun 27 13:33:44 +0000 2018,Bolton in Moscow to work out details of possible Trump-Putin summit @AmericaNewsroom https://t.co/qbRVqVQLoF,0.0,0.0,1.0,0.0,347
347,Fox News,Wed Jun 27 13:31:47 +0000 2018,Awaiting Supreme Court ruling on unions @AmericaNewsroom https://t.co/tJu4BOYA2U,0.5574,0.34,0.66,0.0,348
348,Fox News,Wed Jun 27 13:29:27 +0000 2018,Who is Alexandria Ocasio-Cortez? 5 things to know about the New York congressional candidate https://t.co/bgoXxqEFxh,0.0,0.0,1.0,0.0,349
349,Fox News,Wed Jun 27 13:24:35 +0000 2018,.@marcorubio: ‚ÄúWe have to have security. We‚Äôre a sovereign nation.‚Äù @foxandfriends https://t.co/uAfB5vc30e,0.34,0.194,0.806,0.0,350
350,Fox News,Wed Jun 27 13:19:34 +0000 2018,Couple gets 'parking ticket' at their own wedding https://t.co/4LyRONckWc,0.0,0.0,1.0,0.0,351
351,Fox News,Wed Jun 27 12:40:32 +0000 2018,.@KellyannePolls: ‚ÄúLast night the big winner of all of the contests was President Donald J. Trump.‚Äù https://t.co/qPMbw4OU9L,0.5859,0.192,0.808,0.0,352
352,Fox News,Wed Jun 27 12:32:17 +0000 2018,Trump sarcastically congratulates Maxine Waters for becoming 'unhinged FACE' of Dem Party https://t.co/hxLxLe7tWl,0.1531,0.171,0.696,0.133,353
353,Fox News,Wed Jun 27 12:20:14 +0000 2018,Senator Hatch Remembers Charles Krauthammer @foxandfriends https://t.co/QWtHBMpFin,0.0,0.0,1.0,0.0,354
354,Fox News,Wed Jun 27 12:15:00 +0000 2018,".@SteveScalise on @foxandfriends: ‚ÄúYou have a president who wants to actually secure America‚Äôs border."" https://t.co/a4RVbUDEIk",0.34,0.156,0.844,0.0,355
355,Fox News,Wed Jun 27 12:10:00 +0000 2018,.@SteveScalise on @foxandfriends: ‚ÄúThis bill is even stronger than the last bill at building the wall.‚Äù https://t.co/JrJWbU3NN9,0.3818,0.14,0.86,0.0,356
356,Fox News,Wed Jun 27 12:02:28 +0000 2018,JUST IN: Pennsylvania police officer charged in shooting death of Antwon Rose https://t.co/UeuJ7mBcjs,-0.6908,0.0,0.659,0.341,357
357,Fox News,Wed Jun 27 12:01:40 +0000 2018,Photo of the Day: The sun sets after a heavy thunderstorm hit Kazan during the 2018 World Cup in Russia. https://t.co/uRkKPLiaYW,0.0,0.0,1.0,0.0,358
358,Fox News,Wed Jun 27 11:56:44 +0000 2018,Congress to vote on immigration today @foxandfriends https://t.co/UchRcZ1zLl,0.0,0.0,1.0,0.0,359
359,Fox News,Wed Jun 27 11:54:02 +0000 2018,.@michellemalkin: ‚ÄúWhere are the Democrat leaders to condemn the disruption of the ordinary business of processing‚Ä¶ https://t.co/jK1AxlqcEb,-0.6249,0.0,0.746,0.254,360
360,Fox News,Wed Jun 27 11:37:43 +0000 2018,.@NickFoles on his faith https://t.co/VIHHoyZe77,0.4215,0.412,0.588,0.0,361
361,Fox News,Wed Jun 27 11:12:51 +0000 2018,OPINION: Do we have to erase the name of Laura Ingalls Wilder to ‚Äòfix‚Äô history? And who will be next? https://t.co/q6iaIQeuEB,0.0,0.0,1.0,0.0,362
362,Fox News,Wed Jun 27 10:54:03 +0000 2018,"Veteran's small business is gifted $15,000 worth of lawn equipment after his gear is stolen https://t.co/xwWUPZa6ht",-0.3182,0.099,0.733,0.168,363
363,Fox News,Wed Jun 27 10:38:43 +0000 2018,Deputy exposed to fentanyl via flyer placed on vehicle https://t.co/hC6meqRp8Z,-0.0772,0.0,0.874,0.126,364
364,Fox News,Wed Jun 27 10:37:15 +0000 2018,.@RochelleRitchie: ‚ÄúI think one of the problems in this country right now is that freedom of speech is only free wh‚Ä¶ https://t.co/w9ct7gAHsg,0.7003,0.257,0.651,0.092,365
365,Fox News,Wed Jun 27 10:27:24 +0000 2018,Oklahoma voters approve medical marijuana despite opposition https://t.co/NrDDHZL2AU https://t.co/ZHo7S0UF36,0.0,0.0,1.0,0.0,366
366,Fox News,Wed Jun 27 10:24:48 +0000 2018,Peter Strzok heading to Hill for closed-door interview with House lawmakers https://t.co/y0XLCSy2Ii,0.0,0.0,1.0,0.0,367
367,Fox News,Wed Jun 27 10:00:18 +0000 2018,".@Judgenap: ""The reason it‚Äôs upheld is not because the court finds that it‚Äôs wise or prudent, or the right policy o‚Ä¶ https://t.co/X5xTJudbnf",0.4767,0.129,0.871,0.0,368
368,Fox News,Wed Jun 27 09:55:32 +0000 2018,Secret Service to Start Protecting Sarah Sanders https://t.co/gB6uhPLaY7,0.0,0.0,1.0,0.0,369
369,Fox News,Wed Jun 27 09:40:56 +0000 2018,Maxine Waters' GOP rival seeks traction over her inflammatory comments https://t.co/3GKgxo4SQK,0.0,0.0,1.0,0.0,370
370,Fox News,Wed Jun 27 09:31:51 +0000 2018,Red Hen owner resigns from Virginia business group after booting Sarah Sanders from restaurant https://t.co/OwMNIkmcqB,-0.3182,0.0,0.859,0.141,371
371,Fox News,Wed Jun 27 09:29:33 +0000 2018,"Alexandria Ocasio-Cortez win stuns Democrats, puts new attention on Pelosi https://t.co/Ih7eCRrfOn",0.5994,0.353,0.647,0.0,372
372,Fox News,Wed Jun 27 09:25:37 +0000 2018,.@TomFitton: ‚ÄúWe took her statement and sent it along to the House Ethics Committee.‚Äù https://t.co/eCj9tdsgqh,0.0,0.0,1.0,0.0,373
373,Fox News,Wed Jun 27 09:15:00 +0000 2018,Jerry Seinfeld wants ABC to replace Roseanne in 'The Conners': 'I hate to see a comic lose a job' https://t.co/KBu99maYUk,-0.7506,0.0,0.714,0.286,374
374,Fox News,Wed Jun 27 09:12:47 +0000 2018,".@IvankaTrump donates $50,000 to Texas megachurch to help migrant children: pastor https://t.co/tyyRCbApSn",0.4019,0.197,0.803,0.0,375
375,Fox News,Wed Jun 27 09:10:48 +0000 2018,Confirmation hearing for VA nominee Wilkie today https://t.co/EREOdhzrYB,0.0,0.0,1.0,0.0,376
376,Fox News,Wed Jun 27 09:08:00 +0000 2018,"Meghan Markle's dad slams Queen Elizabeth, Trump, says he's been shunned since tell-all interview https://t.co/BIs1M0r1b0",0.0,0.0,1.0,0.0,377
377,Fox News,Wed Jun 27 09:00:01 +0000 2018,".@mercedesschlapp: ""One of [President @realDonaldTrump's] greatest legacies will be this appointment of Supreme Cou‚Ä¶ https://t.co/JgqYZS2jUz",0.8316,0.375,0.625,0.0,378
378,Fox News,Wed Jun 27 08:53:00 +0000 2018,"Two Detroit @Tigers stars and Cuba natives, Leonys Martin and Jose Iglesias, were among a group of people who were‚Ä¶ https://t.co/Qj9zYnWedz",0.0,0.0,1.0,0.0,379
379,Fox News,Wed Jun 27 08:45:00 +0000 2018,"@TheJuanWilliams: ""I do think that we are out of control in terms of the mockery, the bullying, the kind of attitud‚Ä¶ https://t.co/EoyUwRjeoR",-0.7351,0.0,0.763,0.237,380
380,Fox News,Wed Jun 27 08:38:00 +0000 2018,"JetBlue plane loses communication on JFK Airport tarmac, triggering security scare https://t.co/gbloPCrp1k",-0.4767,0.142,0.533,0.325,381
381,Fox News,Wed Jun 27 08:30:00 +0000 2018,Good Samaritans rescue 6 people from boat burning in Fort Lauderdale https://t.co/ZuSPUTGawe https://t.co/nZSUv4mUJZ,0.7351,0.383,0.617,0.0,382
382,Fox News,Wed Jun 27 08:23:00 +0000 2018,"On #TheStory, @RepAndyBiggsAZ said that while he is ‚Äúall for passion‚Äù and ‚Äúcommitment to your principles and debate‚Ä¶ https://t.co/ebbsnacoMl",0.0,0.0,1.0,0.0,383
383,Fox News,Wed Jun 27 08:15:00 +0000 2018,".@mercedesschlapp: ""It has been an amazing over 500 days of what I would say, American great success, when it comes‚Ä¶ https://t.co/HmHeaBQYCy",0.9118,0.406,0.594,0.0,384
384,Fox News,Wed Jun 27 08:08:00 +0000 2018,".@McDonalds employees, customer caught on camera in violent food fight https://t.co/LyS3tVMtSl",-0.7579,0.0,0.581,0.419,385
385,Fox News,Wed Jun 27 08:00:00 +0000 2018,".@POTUS on Medal of Honor recipient Garlin Murl Conner: ""As bullets flew all around him, Lt. Conner directed artill‚Ä¶ https://t.co/UC6P3HyGE2",0.743,0.259,0.741,0.0,386
386,Fox News,Wed Jun 27 07:53:00 +0000 2018,Pair charged with witness tampering in connection with St. Louis murder case https://t.co/gK08Jw66Di,-0.7579,0.0,0.629,0.371,387
387,Fox News,Wed Jun 27 07:45:00 +0000 2018,.@RepTimRyan: ‚ÄúI think it‚Äôs inappropriate for any of us to condone any kind of political harassment.‚Äù https://t.co/YZFTyAEmW8,0.0,0.0,1.0,0.0,388
388,Fox News,Wed Jun 27 07:38:00 +0000 2018,"Britain's Queen Elizabeth, Prince Harry and Meghan, Duchess of Sussex, pose for a group photo at the Queen's Young‚Ä¶ https://t.co/m1d1874b8b",0.0,0.0,1.0,0.0,389
389,Fox News,Wed Jun 27 07:30:00 +0000 2018,".@LindseyGrahamSC: ""The person in charge of the #Clinton email investigation, Mr. Strzok, and Ms. Page were in the‚Ä¶ https://t.co/jkewOLSJ9V",0.0,0.0,1.0,0.0,390
390,Fox News,Wed Jun 27 07:23:00 +0000 2018,"Deaths, dumping of nearly 100 baby hammerhead sharks being investigated in Hawaii https://t.co/rJiTEsHsca",-0.3182,0.0,0.839,0.161,391
391,Fox News,Wed Jun 27 07:15:00 +0000 2018,"Senator @ChrisCoons: ""It's a little bit harder to throw a punch at someone on the floor if you start the day holdin‚Ä¶ https://t.co/zWzdDZ5tZ1",0.0,0.0,1.0,0.0,392
392,Fox News,Wed Jun 27 07:08:00 +0000 2018,"CAN I GET A RIDE?: One alligator hitched a ride home from police after wandering away from a lake in Brandon, Flori‚Ä¶ https://t.co/yZZYt7ApHu",0.0,0.0,1.0,0.0,393
393,Fox News,Wed Jun 27 07:00:00 +0000 2018,.@RepDeSantis: ‚ÄúI‚Äôm proud to be leading an effort with a few of my colleagues to censure her in the House.‚Äù‚Ä¶ https://t.co/V78pfCKbIt,0.4767,0.14,0.86,0.0,394
394,Fox News,Wed Jun 27 06:57:33 +0000 2018,'Fixer Upper' star Chip Gaines jokes family is growing days after Joanna gives birth https://t.co/1LytXVOwoR,0.4019,0.222,0.778,0.0,395
395,Fox News,Wed Jun 27 06:53:00 +0000 2018,"""TEACHER TO THE END"": Georgia teacher Tammy Waddell recently lost her battle with cancer. Her final wish was that l‚Ä¶ https://t.co/s0xFfeJ0uc",-0.765,0.093,0.586,0.321,396
396,Fox News,Wed Jun 27 06:45:00 +0000 2018,".@MorriseyWV on travel ban: ""This is the right decision. President @realDonaldTrump has stood up for national secur‚Ä¶ https://t.co/gDT21N4xec",-0.5574,0.0,0.825,0.175,397
397,Fox News,Wed Jun 27 06:38:00 +0000 2018,Woman forced ex to have sex holding machete to his face: cops https://t.co/wjuaWvjfI1,-0.4588,0.0,0.8,0.2,398
398,Fox News,Wed Jun 27 06:30:00 +0000 2018,".@POTUS presents the Medal of Honor to Pauline Conner, widow of 1st Lt. Garlin Murl Conner. https://t.co/wQVVkvFl3B https://t.co/kyBcHSY4zv",0.743,0.283,0.717,0.0,399
399,Fox News,Wed Jun 27 06:23:00 +0000 2018,Firefighters salute as a van carrying the body of Long Beach Fire Capt. Dave Rosa passes them during a procession o‚Ä¶ https://t.co/XWD2xsbPHt,-0.34,0.0,0.888,0.112,400
400,The New York Times,Wed Jun 27 17:20:10 +0000 2018,"Joe Jackson, the father and manager of the Jackson 5, has died https://t.co/ZWhxupoKYU",-0.5574,0.0,0.769,0.231,401
401,The New York Times,Wed Jun 27 17:06:46 +0000 2018,"The man accused of driving his car into people protesting a white supremacist rally in Charlottesville, Virginia wa‚Ä¶ https://t.co/uxsXz1QqDB",-0.5423,0.07,0.698,0.233,402
402,The New York Times,Wed Jun 27 16:54:00 +0000 2018,Breaking News: President Trump and President Vladimir Putin of Russia will hold a summit soon. The planned meeting‚Ä¶ https://t.co/gdRwE4Gd1z,0.0,0.0,1.0,0.0,403
403,The New York Times,Wed Jun 27 16:45:58 +0000 2018,Breaking News: The Justice Department approved Disney's $71 billion bid for 21st Century Fox's assets. The decision‚Ä¶ https://t.co/zWAST0A14E,0.7845,0.345,0.655,0.0,404
404,The New York Times,Wed Jun 27 16:28:06 +0000 2018,"Bill Shine, ousted from Fox News for his handling of sexual harassment scandals, is expected to be offered the top‚Ä¶ https://t.co/TZhweMpySJ",-0.7717,0.0,0.739,0.261,405
405,The New York Times,Wed Jun 27 16:13:05 +0000 2018,"The California Supreme Court calls it a ‚Äúbarbaric‚Äù rule from a ‚Äúbygone age."" But the felony murder rule is still th‚Ä¶ https://t.co/q7lRQibKIB",-0.6808,0.125,0.59,0.285,406
406,The New York Times,Wed Jun 27 15:58:45 +0000 2018,"Germany, the defending World Cup champion, lost to South Korea and failed to advance out of the group stage. Mexico‚Ä¶ https://t.co/ath6QUMX4R",-0.1779,0.142,0.655,0.204,407
407,The New York Times,Wed Jun 27 15:56:33 +0000 2018,"Video review has come to the World Cup, and it probably just knocked the defending champion Germany out of the tour‚Ä¶ https://t.co/Jl9sDRbvIG",0.5994,0.157,0.843,0.0,408
408,The New York Times,Wed Jun 27 15:53:06 +0000 2018,RT @nytopinion: Does Donald Trump fear foreigners invading America like he fears germs contaminating his body? Watch Episode 3 of @realtrum‚Ä¶,-0.5423,0.098,0.667,0.235,409
409,The New York Times,Wed Jun 27 15:49:03 +0000 2018,Because Slack is down and you might have to actually talk to your coworkers ¬Ø\_(„ÉÑ)_/¬Ø https://t.co/W52HIDHdEf,0.0,0.0,1.0,0.0,410
410,The New York Times,Wed Jun 27 15:43:02 +0000 2018,A police officer was charged with criminal homicide in the fatal shooting of teenager Antwon Rose  https://t.co/0qvGG0RSQ4,-0.8271,0.0,0.599,0.401,411
411,The New York Times,Wed Jun 27 15:33:04 +0000 2018,RT @randyNYT: Notice the accent marks on Mexico's World Cup jerseys? A New York Times editor @apchavira did that: https://t.co/7169yQMwqw,0.0,0.0,1.0,0.0,412
412,The New York Times,Wed Jun 27 15:23:06 +0000 2018,"Germany probably advances in the World Cup with a win, but might not, and probably doesn‚Äôt advance with a loss, but‚Ä¶ https://t.co/jAi6tGii3T",-0.1406,0.103,0.771,0.126,413
413,The New York Times,Wed Jun 27 15:13:03 +0000 2018,"RT @HannaIngber: Our politics editor, @patrickhealynyt, is inviting readers to ask him questions about how we're covering the midterms. Ple‚Ä¶",0.3182,0.108,0.892,0.0,414
414,The New York Times,Wed Jun 27 15:03:06 +0000 2018,Russia demonstrated that one response to fielding an unwelcome question is to ask a different question. And another‚Ä¶ https://t.co/uaabtuxMS1,-0.4019,0.0,0.863,0.137,415
415,The New York Times,Wed Jun 27 14:58:26 +0000 2018,"RT @mattfleg: Was just going back through some notes from our chat w/ @Ocasio2018 many weeks ago. This stood out: ""There‚Äôs this weird mascu‚Ä¶",-0.2204,0.0,0.925,0.075,416
416,The New York Times,Wed Jun 27 14:43:02 +0000 2018,"""The violent act of a fan is sad,"" she wrote, but what is even worse, she added, is the reaction of those who do no‚Ä¶ https://t.co/FYiFx0HKyj",-0.714,0.055,0.727,0.218,417
417,The New York Times,Wed Jun 27 14:33:06 +0000 2018,Mexico and Sweden are hoping to clinch advancement to the second round of World Cup. Chicharito (Javier Hernandez)‚Ä¶ https://t.co/gad8LqyAW5,0.4215,0.135,0.865,0.0,418
418,The New York Times,Wed Jun 27 14:23:04 +0000 2018,"RT @mwolgelenter: ‚ÄúThe enemies of a meat-based diet want to consign humanity to grains.‚Äù @alissanyt, on French butchers seeking protection‚Ä¶",-0.4404,0.06,0.791,0.149,419
419,The New York Times,Wed Jun 27 14:13:14 +0000 2018,"Breaking News: The Supreme Court dealt a major blow to labor unions, ruling 5-4 that government workers can‚Äôt be re‚Ä¶ https://t.co/Iyqs5AYU82",0.5574,0.159,0.841,0.0,420
420,The New York Times,Wed Jun 27 14:00:05 +0000 2018,"RT @fstockman: A primer for what happened last night in NY. ‚ÄòYes, I‚Äôm Running as a #Socialist.‚Äô Why Candidates Are Embracing the Label in 2‚Ä¶",0.0,0.0,1.0,0.0,421
421,The New York Times,Wed Jun 27 13:45:07 +0000 2018,"RT @NYTSports: The Mexican player known as ""Chucky"" has been a nightmare for opponents at the World Cup. And there may be more like him on‚Ä¶",0.4201,0.104,0.896,0.0,422
422,The New York Times,Wed Jun 27 13:31:02 +0000 2018,The murals started appearing quietly in Paris last week. Now they're confirmed as the work of Banksy ‚Äî and the race‚Ä¶ https://t.co/eZoGJjSDeq,0.0,0.0,1.0,0.0,423
423,The New York Times,Wed Jun 27 13:21:06 +0000 2018,The search for a dozen boys and their soccer coach trapped in a flooded cave complex has captivated Thailand https://t.co/1LQB1CFzM0,-0.2023,0.118,0.727,0.155,424
424,The New York Times,Wed Jun 27 13:10:41 +0000 2018,"A year and a half after a New York Times correspondent was kicked out of Venezuela, he returned to see how people a‚Ä¶ https://t.co/HtNogoyDhd",0.0,0.0,1.0,0.0,425
425,The New York Times,Wed Jun 27 13:00:19 +0000 2018,Morning¬†Briefing: Here's what you need to know to start your day https://t.co/EfR5ZryQxl https://t.co/zqewCJApCz,0.0,0.0,1.0,0.0,426
426,The New York Times,Wed Jun 27 12:44:03 +0000 2018,"A shooting in which a woman gunned down four of her relatives, killing two, has rattled Hong Kong, a city where suc‚Ä¶ https://t.co/xaDP4Jo42X",-0.6597,0.0,0.812,0.188,427
427,The New York Times,Wed Jun 27 12:30:04 +0000 2018,"President Trump has chosen a more moderate approach to limit Chinese investments in the United States, rejecting mo‚Ä¶ https://t.co/K423hIY9vc",-0.0516,0.128,0.734,0.138,428
428,The New York Times,Wed Jun 27 12:16:06 +0000 2018,"""The unfortunate reality is that under the present system, migrant children are not accounted for with the same eff‚Ä¶ https://t.co/bx2vRTeyEn",-0.4588,0.0,0.864,0.136,429
429,The New York Times,Wed Jun 27 11:50:04 +0000 2018,A political revolution ‚Äî or something like it ‚Äî just rippled through New York City https://t.co/Y0F0wPNONI,0.3612,0.172,0.828,0.0,430
430,The New York Times,Wed Jun 27 11:41:06 +0000 2018,The Korematsu ruling was an exceedingly rare modern example in which the Supreme Court explicitly upheld government‚Ä¶ https://t.co/yUWSZBmg3Y,0.5574,0.175,0.825,0.0,431
431,The New York Times,Wed Jun 27 11:30:03 +0000 2018,"Justice Sonia Sotomayor condemned the travel ban as ""harrowing"" and ""motivated by hostility and animus toward the M‚Ä¶ https://t.co/JqxzB2lrOo",-0.5574,0.211,0.461,0.329,432
432,The New York Times,Wed Jun 27 11:20:03 +0000 2018,RT @nytgraphics: Charts illustrating some of the effects of Trump's travel ban so far:  https://t.co/6a3wAmRUPn https://t.co/eqWjGnfI8r,-0.5574,0.0,0.806,0.194,433
433,The New York Times,Wed Jun 27 11:11:07 +0000 2018,What the Supreme Court's endorsement of the travel ban says about the extent of the president's power https://t.co/jsDBQuSBQD,0.3182,0.241,0.612,0.147,434
434,The New York Times,Wed Jun 27 11:00:06 +0000 2018,"Fact check: No, Democrats don't want ""open borders"" https://t.co/91CrZV9ahM",-0.3447,0.0,0.672,0.328,435
435,The New York Times,Wed Jun 27 10:44:06 +0000 2018,Results for elections in 7 states https://t.co/MAme5UnNmP https://t.co/sXLPiAvuny,0.0,0.0,1.0,0.0,436
436,The New York Times,Wed Jun 27 10:30:12 +0000 2018,"""I knew that it was long odds, and I knew that it was uphill, but I always knew it was possible,"" Alexandria Ocasio‚Ä¶ https://t.co/Nhy8yHPad6",0.0,0.0,1.0,0.0,437
437,The New York Times,Wed Jun 27 10:16:02 +0000 2018,"The seized items included $30 million in cash, 2,800 pairs of earrings, 2,200 rings, 2,100 bangles, 1,600 brooches,‚Ä¶ https://t.co/zRJ8B871Xz",0.0,0.0,1.0,0.0,438
438,The New York Times,Wed Jun 27 10:00:13 +0000 2018,Morning¬†Briefing: Here's what you need to know to start your day https://t.co/aTMTe1uUWB https://t.co/e8MWX047Hr,0.0,0.0,1.0,0.0,439
439,The New York Times,Wed Jun 27 09:44:02 +0000 2018,"""The odds are that Trump will deliver a G-7 performance. And I fear that we will come out of this summit with symbo‚Ä¶ https://t.co/ARkcwTr80i",-0.4939,0.0,0.868,0.132,440
440,The New York Times,Wed Jun 27 09:30:06 +0000 2018,"""It's surreal,"" Alexandria Ocasio-Cortez said as the votes were being tallied https://t.co/9QOMSSi0yQ",0.0,0.0,1.0,0.0,441
441,The New York Times,Wed Jun 27 09:15:07 +0000 2018,"""There was no divine intervention here. Just hard, human work. Argentina made it. Messi made it,"" @RorySmith writes https://t.co/4vq9QC4Yhc",0.25,0.155,0.69,0.155,442
442,The New York Times,Wed Jun 27 09:00:04 +0000 2018,"French butchers wrote that ""physical, verbal, and moral violence‚Äù against them was ""neither more nor less than a fo‚Ä¶ https://t.co/ma5AGPkE3G",0.0,0.0,1.0,0.0,443
443,The New York Times,Wed Jun 27 08:44:01 +0000 2018,"RT @nytimesworld: Remember the ""ecce homo"" in Spain that was one of the worst restoration projects in modern history? It has new competitio‚Ä¶",-0.6249,0.0,0.843,0.157,444
444,The New York Times,Wed Jun 27 08:30:09 +0000 2018,"There's a lot of trash in the ocean these days. But which of these items is most frequently found on beaches?
‚Ä¢ Str‚Ä¶ https://t.co/816BGF7zsk",0.0,0.0,1.0,0.0,445
445,The New York Times,Wed Jun 27 08:15:09 +0000 2018,RT @nytimesworld: Malta says it will let a rescue ship carrying hundreds of African migrants dock ‚Äî if other European countries agree to ta‚Ä¶,0.7003,0.225,0.775,0.0,446
446,The New York Times,Wed Jun 27 08:02:02 +0000 2018,"McKinsey is a keeper of secrets the world over. But in South Africa, its culture of confidentiality helped ensnare‚Ä¶ https://t.co/fe85ixkHpJ",0.0,0.0,1.0,0.0,447
447,The New York Times,Wed Jun 27 07:47:08 +0000 2018,These photos from the World Cup are missing one important element ‚Äì the ball. See if you can guess where it was.‚Ä¶ https://t.co/yTduHCwFOO,-0.1027,0.075,0.833,0.092,448
448,The New York Times,Wed Jun 27 07:32:02 +0000 2018,The murals started appearing quietly in Paris last week. Now they're confirmed as the work of Banksy ‚Äî and the race‚Ä¶ https://t.co/5a5tfayiCs,0.0,0.0,1.0,0.0,449
449,The New York Times,Wed Jun 27 07:17:01 +0000 2018,500 died. 50 villages destroyed. Tens of thousands displaced. Yet this is not a war zone. It is farm country in Nig‚Ä¶ https://t.co/affhI8Tseq,-0.5653,0.109,0.656,0.235,450
450,The New York Times,Wed Jun 27 07:15:10 +0000 2018,Who Is Alexandria Ocasio-Cortez? A Democratic Giant Slayer https://t.co/RKe0g4XUGF,0.0,0.0,1.0,0.0,451
451,The New York Times,Wed Jun 27 07:02:04 +0000 2018,A dozen Australian politicians were treated to lavish overseas trips by a Chinese technology company that is alread‚Ä¶ https://t.co/8vhhubGV8B,0.0,0.0,1.0,0.0,452
452,The New York Times,Wed Jun 27 06:33:01 +0000 2018,RT @NYTScience: How spiders ride the wind https://t.co/OJJBFK9q1c https://t.co/xL9BUcotqG,0.0,0.0,1.0,0.0,453
453,The New York Times,Wed Jun 27 06:10:35 +0000 2018,"In Italy, Immigrants Evoke Fear, Not Racism https://t.co/kLelNBZD33",-0.8074,0.0,0.451,0.549,454
454,The New York Times,Wed Jun 27 06:02:02 +0000 2018,"Remember the ""ecce homo"" painting in Spain that was called one of the worst restoration projects in modern history?‚Ä¶ https://t.co/wZkdcsNXEr",-0.6249,0.0,0.823,0.177,455
455,The New York Times,Wed Jun 27 05:31:06 +0000 2018,"RT @nytimesarts: ""You are causing suffering and division,"" David Lynch wrote to President Trump on Facebook. https://t.co/LGrlem92wF",-0.4767,0.0,0.838,0.162,456
456,The New York Times,Wed Jun 27 05:03:07 +0000 2018,President Trump has often lauded Harley-Davidson as a U.S. icon and job creator. Now he's lashing out over its plan‚Ä¶ https://t.co/4GXnm6bdzP,0.0,0.0,1.0,0.0,457
457,The New York Times,Wed Jun 27 04:47:03 +0000 2018,Scientists have captured the clearest and most detailed image yet of Zika. The work could contribute to the develop‚Ä¶ https://t.co/Te0E7JwNZd,0.0,0.0,1.0,0.0,458
458,The New York Times,Wed Jun 27 04:32:03 +0000 2018,RT @nytimesarts: The American Library Association is dropping Laura Ingalls Wilder‚Äôs name from a prestigious children‚Äôs literature award be‚Ä¶,0.5423,0.171,0.829,0.0,459
459,The New York Times,Wed Jun 27 04:12:36 +0000 2018,The U.S. must stop taking migrant children from their parents at the border and reunite separated families within 3‚Ä¶ https://t.co/ROVpKjDX27,-0.296,0.0,0.896,0.104,460
460,The New York Times,Wed Jun 27 04:02:04 +0000 2018,McKinsey rolled the dice on South Africa and lost. Here‚Äôs the story behind the biggest mistake in the consulting fi‚Ä¶ https://t.co/w7TlqHkQQy,-0.5719,0.0,0.802,0.198,461
461,The New York Times,Wed Jun 27 03:51:06 +0000 2018,RT @nytpolitics: Chief Justice John Roberts spoke clinically. Justice Stephen Breyer spoke analytically. Then it was Justice Sonia Sotomayo‚Ä¶,0.8807,0.389,0.611,0.0,462
462,The New York Times,Wed Jun 27 03:42:43 +0000 2018,"Rare White Alligator Stolen During Fire That Killed 43 Reptiles, Officials Say https://t.co/PniipSRw1Z",-0.8779,0.0,0.498,0.502,463
463,The New York Times,Wed Jun 27 03:32:05 +0000 2018,"Here's the 2018 election calendar 
https://t.co/x9wJt4d8o3",0.0,0.0,1.0,0.0,464
464,The New York Times,Wed Jun 27 03:17:02 +0000 2018,"RT @nytopinion: From last week, the @nytopinion Editorial Board: Joseph Crowley has decades of experience that can serve his constituents w‚Ä¶",0.0,0.0,1.0,0.0,465
465,The New York Times,Wed Jun 27 03:02:05 +0000 2018,"Utah election live results
https://t.co/90ls5wda5g",0.0,0.0,1.0,0.0,466
466,The New York Times,Wed Jun 27 02:51:06 +0000 2018,"RT @nytgraphics: Major upsets and close races in New York state Democratic primaries tonight. 

NY-9: https://t.co/bjXUMBPtHc
NY-14: https:‚Ä¶",-0.3612,0.0,0.872,0.128,467
467,The New York Times,Wed Jun 27 02:41:03 +0000 2018,"RT @jialynnyang: For anyone wondering how a socialist could've pulled off this kind of upset, read @fstockman's excellent piece: https://t.‚Ä¶",0.204,0.157,0.721,0.123,468
468,The New York Times,Wed Jun 27 02:32:05 +0000 2018,New York election live results https://t.co/Vh0o34Pu6K,0.0,0.0,1.0,0.0,469
469,The New York Times,Wed Jun 27 02:22:06 +0000 2018,"RT @ShaneGoldmacher: Alexandria Ocasio-Cortez had declared it was time for generational, racial and ideological change.

On Tuesday, she wo‚Ä¶",0.0,0.0,1.0,0.0,470
470,The New York Times,Wed Jun 27 02:13:07 +0000 2018,"Joseph Crowley of New York, who was seen as a possible Democratic House speaker, lost his primary in a major upset‚Ä¶ https://t.co/iILNRye0zt",-0.3182,0.0,0.892,0.108,471
471,The New York Times,Wed Jun 27 02:10:02 +0000 2018,"RT @NYTMetro: In a stunning upset, Rep. Joseph Crowley lost the Democratic primary to Alexandria Ocasio-Cortez, a 28-year-old former organi‚Ä¶",-0.3182,0.116,0.667,0.218,472
472,The New York Times,Wed Jun 27 02:07:46 +0000 2018,RT @jdavidgoodman: Joe Crowley had been expected to play guitar during his victory party. Instead he‚Äôs giving a concession speech https://t‚Ä¶,0.7579,0.306,0.694,0.0,473
473,The New York Times,Wed Jun 27 01:59:22 +0000 2018,Colorado election live results https://t.co/NM7aGQ9Ks7,0.0,0.0,1.0,0.0,474
474,The New York Times,Wed Jun 27 01:51:01 +0000 2018,"Representative Dan Donovan, a New York Republican, successfully fended off a fierce challenge from his predecessor,‚Ä¶ https://t.co/wuaHV4c9eh",0.5423,0.257,0.743,0.0,475
475,The New York Times,Wed Jun 27 01:42:04 +0000 2018,"Maryland election live results
https://t.co/um64AZYOZn",0.0,0.0,1.0,0.0,476
476,The New York Times,Wed Jun 27 01:30:06 +0000 2018,"Governor Henry McMaster of South Carolina handily won a Republican runoff for governor, according to The AP https://t.co/2tL0m3zXGH",0.5719,0.188,0.812,0.0,477
477,The New York Times,Wed Jun 27 01:22:16 +0000 2018,"New York election live results
https://t.co/dtEk2v0Ide",0.0,0.0,1.0,0.0,478
478,The New York Times,Wed Jun 27 01:02:06 +0000 2018,Evening Briefing: Here's what you need to know at the end of the day https://t.co/D8N8myKu0V,0.0,0.0,1.0,0.0,479
479,The New York Times,Wed Jun 27 00:47:03 +0000 2018,"Breweries throw out millions of pounds of used grain every day, but in a commercial kitchen in Long Island City, Qu‚Ä¶ https://t.co/7E9A7rx6uD",0.0,0.0,1.0,0.0,480
480,The New York Times,Wed Jun 27 00:37:01 +0000 2018,"Mississippi election live results
https://t.co/8mw98cxWn2",0.0,0.0,1.0,0.0,481
481,The New York Times,Wed Jun 27 00:26:06 +0000 2018,Oklahoma election live results https://t.co/n9yRdqFHeI,0.0,0.0,1.0,0.0,482
482,The New York Times,Wed Jun 27 00:17:07 +0000 2018,RT @nytimesworld: A Japanese blogger had just finished a talk about dealing with Internet trolls when he was stabbed to death by a man susp‚Ä¶,-0.7783,0.0,0.746,0.254,483
483,The New York Times,Wed Jun 27 00:00:06 +0000 2018,"Kevin Moore, a black firefighter in Oakland, has had the following happen to him while on duty in recent weeks: Res‚Ä¶ https://t.co/nMHWUjWyZV",0.0,0.0,1.0,0.0,484
484,The New York Times,Tue Jun 26 23:47:06 +0000 2018,"South Carolina primary runoff election live results
https://t.co/lZkuM0HmEi",0.0,0.0,1.0,0.0,485
485,The New York Times,Tue Jun 26 23:41:43 +0000 2018,"RT @nytgraphics: Live results for elections in 7 states:

New York https://t.co/hra5Ctq5eO
Colorado https://t.co/4Ym66gWYJL
Maryland https:‚Ä¶",0.0,0.0,1.0,0.0,486
486,The New York Times,Tue Jun 26 23:32:04 +0000 2018,General Electric is bidding farewell to its days as a conglomerate. Its CEO is radically reshaping it into a ‚Äúsimpl‚Ä¶ https://t.co/bY7OhDHWbZ,0.0,0.0,1.0,0.0,487
487,The New York Times,Tue Jun 26 23:17:03 +0000 2018,RT @nytpolitics: ‚ÄúWhat we‚Äôre seeing here is the standard process of Trump launching a series of lies into our media ecosystem and then watc‚Ä¶,-0.4215,0.0,0.887,0.113,488
488,The New York Times,Tue Jun 26 23:02:07 +0000 2018,"There's a lot of trash in the ocean these days. But which of these items is most frequently found on beaches?
‚Ä¢ Str‚Ä¶ https://t.co/c9S1j3u8TK",0.0,0.0,1.0,0.0,489
489,The New York Times,Tue Jun 26 22:47:01 +0000 2018,Evening Briefing: Here's what you need to know at the end of the day https://t.co/oGWjTEu9lT,0.0,0.0,1.0,0.0,490
490,The New York Times,Tue Jun 26 22:32:02 +0000 2018,‚ÄúWe have a Haring!‚Äù A Keith Haring mural comes out of hiding in Amsterdam. https://t.co/6j5TSmeoWf,-0.3595,0.0,0.828,0.172,491
491,The New York Times,Tue Jun 26 22:17:03 +0000 2018,"Senator Rand Paul has sued a neighbor who attacked him in his front yard last year, seeking damages to compensate f‚Ä¶ https://t.co/TGaSv1AWs4",-0.7096,0.0,0.763,0.237,492
492,The New York Times,Tue Jun 26 22:02:03 +0000 2018,A famed consulting firm. A huge contract. We examine the roots of McKinsey‚Äôs disastrous gamble in South Africa. https://t.co/HXu56lhe3X,-0.3818,0.108,0.708,0.184,493
493,The New York Times,Tue Jun 26 21:47:03 +0000 2018,RT @NYTMetro: Public housing successfully endured New York City‚Äôs most turbulent eras. We combed through our photo archives for forgotten i‚Ä¶,0.3182,0.133,0.788,0.079,494
494,The New York Times,Tue Jun 26 21:33:37 +0000 2018,.@NYTSports Editor Jason Stallman scored 51.8% ... seems beatable.,0.0,0.0,1.0,0.0,495
495,The New York Times,Tue Jun 26 21:31:42 +0000 2018,Something missing here? We removed the ‚öΩÔ∏ès from these World Cup photos. See if you can guess where they once were.‚Ä¶ https://t.co/lQ8dqEbLFc,-0.296,0.0,0.905,0.095,496
496,The New York Times,Tue Jun 26 21:20:08 +0000 2018,"Remember the ""ecce homo"" painting in Spain that was called one of the worst restoration projects in modern history?‚Ä¶ https://t.co/T4fU3CJI4L",-0.6249,0.0,0.823,0.177,497
497,The New York Times,Tue Jun 26 21:10:06 +0000 2018,"Lindsay Lohan says she's in a better place now. ""I‚Äôm a normal, nice person. A good person. I don‚Äôt have any bad int‚Ä¶ https://t.co/okC0kcCgu1",0.6249,0.306,0.569,0.125,498
498,The New York Times,Tue Jun 26 20:55:02 +0000 2018,"RT @UpshotNYT: We were looking for a fair system that encouraged attacking soccer, with a few constraints about what FIFA could realistical‚Ä¶",0.2023,0.194,0.685,0.121,499
499,The New York Times,Tue Jun 26 20:51:37 +0000 2018,RT @MichaelPaulson: The Secret Life of Sven: How a speechless reindeer is brought to life in Broadway's ‚ÄúFrozen.‚Äù https://t.co/mMgHP3aqTg h‚Ä¶,0.0,0.0,1.0,0.0,500
